Date,Open
2000-01-04,25.20
2000-01-05,25.50
2000-01-06,24.80
2000-01-07,24.65
2000-01-10,24.22
2000-01-11,24.71
2000-01-12,25.73
2000-01-13,26.28
2000-01-14,26.80
2000-01-18,28.03
2000-01-19,28.80
2000-01-20,29.40
2000-01-21,27.85
2000-01-24,28.23
2000-01-25,27.78
2000-01-26,28.29
2000-01-27,27.78
2000-01-28,27.22
2000-01-31,27.10
2000-02-01,27.60
2000-02-02,28.22
2000-02-03,27.56
2000-02-04,28.17
2000-02-07,28.71
2000-02-08,28.44
2000-02-09,28.00
2000-02-10,28.60
2000-02-11,29.42
2000-02-14,29.44
2000-02-15,30.28
2000-02-16,30.02
2000-02-17,30.04
2000-02-18,29.41
2000-02-22,29.20
2000-02-23,28.88
2000-02-24,29.30
2000-02-25,29.92
2000-02-28,30.20
2000-02-29,30.19
2000-03-01,30.49
2000-03-02,31.74
2000-03-03,31.61
2000-03-06,31.34
2000-03-07,32.11
2000-03-08,34.26
2000-03-09,31.20
2000-03-10,31.68
2000-03-13,31.74
2000-03-14,32.05
2000-03-15,31.71
2000-03-16,30.67
2000-03-17,31.12
2000-03-20,30.71
2000-03-21,29.60
2000-03-22,27.80
2000-03-23,27.40
2000-03-24,27.32
2000-03-27,28.00
2000-03-28,27.71
2000-03-29,27.09
2000-03-30,26.45
2000-03-31,26.60
2000-04-03,26.85
2000-04-04,26.39
2000-04-05,25.32
2000-04-06,25.85
2000-04-07,25.64
2000-04-10,24.90
2000-04-11,23.89
2000-04-12,24.24
2000-04-13,25.41
2000-04-14,25.27
2000-04-17,25.45
2000-04-18,26.00
2000-04-19,25.95
2000-04-20,25.75
2000-04-24,25.95
2000-04-25,25.71
2000-04-26,25.02
2000-04-27,24.85
2000-04-28,25.65
2000-05-01,25.55
2000-05-02,25.95
2000-05-03,26.92
2000-05-04,26.85
2000-05-05,26.80
2000-05-08,27.30
2000-05-09,28.05
2000-05-10,28.40
2000-05-11,28.10
2000-05-12,29.45
2000-05-15,29.20
2000-05-16,30.10
2000-05-17,29.40
2000-05-18,29.80
2000-05-19,30.18
2000-05-22,29.76
2000-05-23,28.70
2000-05-24,28.86
2000-05-25,30.05
2000-05-26,30.53
2000-05-30,30.00
2000-05-31,30.15
2000-06-01,29.00
2000-06-02,30.14
2000-06-05,30.32
2000-06-06,29.66
2000-06-07,29.84
2000-06-08,29.98
2000-06-09,29.75
2000-06-12,30.48
2000-06-13,31.80
2000-06-14,32.49
2000-06-15,32.80
2000-06-16,32.81
2000-06-19,32.10
2000-06-20,31.61
2000-06-21,30.52
2000-06-22,31.37
2000-06-23,32.25
2000-06-26,32.26
2000-06-27,31.58
2000-06-28,32.09
2000-06-29,31.88
2000-06-30,32.77
2000-07-05,31.15
2000-07-06,30.76
2000-07-07,30.10
2000-07-10,29.99
2000-07-11,29.75
2000-07-12,29.71
2000-07-13,30.32
2000-07-14,31.50
2000-07-17,31.05
2000-07-18,30.74
2000-07-19,31.82
2000-07-20,31.30
2000-07-21,29.66
2000-07-24,28.51
2000-07-25,28.01
2000-07-26,27.96
2000-07-27,27.93
2000-07-28,28.12
2000-07-31,28.17
2000-08-01,27.36
2000-08-02,27.79
2000-08-03,28.24
2000-08-04,28.75
2000-08-07,29.91
2000-08-08,28.80
2000-08-09,29.15
2000-08-10,30.35
2000-08-11,31.23
2000-08-14,31.03
2000-08-15,31.90
2000-08-16,31.69
2000-08-17,31.76
2000-08-18,31.94
2000-08-21,31.91
2000-08-22,32.42
2000-08-23,31.19
2000-08-24,32.13
2000-08-25,31.63
2000-08-28,31.96
2000-08-29,32.87
2000-08-30,32.70
2000-08-31,33.26
2000-09-01,33.00
2000-09-05,33.68
2000-09-06,33.83
2000-09-07,34.96
2000-09-08,35.39
2000-09-11,33.60
2000-09-12,35.14
2000-09-13,34.30
2000-09-14,33.87
2000-09-15,34.18
2000-09-18,35.85
2000-09-19,36.75
2000-09-20,36.45
2000-09-21,35.25
2000-09-22,33.71
2000-09-25,32.20
2000-09-26,31.60
2000-09-27,31.52
2000-09-28,31.40
2000-09-29,30.25
2000-10-02,30.97
2000-10-03,32.10
2000-10-04,32.07
2000-10-05,31.20
2000-10-06,30.70
2000-10-09,30.90
2000-10-10,31.86
2000-10-11,33.13
2000-10-12,33.19
2000-10-13,36.04
2000-10-16,34.54
2000-10-17,32.90
2000-10-18,33.04
2000-10-19,33.55
2000-10-20,32.90
2000-10-23,33.00
2000-10-24,33.69
2000-10-25,33.37
2000-10-26,32.97
2000-10-27,33.85
2000-10-30,32.90
2000-10-31,32.85
2000-11-01,32.69
2000-11-02,33.17
2000-11-03,32.55
2000-11-06,32.48
2000-11-07,33.02
2000-11-08,33.39
2000-11-09,33.24
2000-11-10,33.93
2000-11-13,34.15
2000-11-14,34.48
2000-11-15,34.85
2000-11-16,35.54
2000-11-17,35.08
2000-11-20,34.98
2000-11-21,35.18
2000-11-22,35.20
2000-11-27,35.18
2000-11-28,35.34
2000-11-29,34.19
2000-11-30,34.64
2000-12-01,33.76
2000-12-04,32.10
2000-12-05,31.20
2000-12-06,29.50
2000-12-07,29.88
2000-12-08,29.30
2000-12-11,28.20
2000-12-12,29.56
2000-12-13,29.65
2000-12-14,28.53
2000-12-15,27.97
2000-12-18,28.93
2000-12-19,29.30
2000-12-20,27.65
2000-12-21,25.65
2000-12-22,26.05
2000-12-26,26.20
2000-12-27,26.60
2000-12-28,26.48
2000-12-29,25.77
2001-01-02,26.90
2001-01-03,27.21
2001-01-04,27.99
2001-01-05,28.14
2001-01-08,28.12
2001-01-09,27.40
2001-01-10,27.73
2001-01-11,29.47
2001-01-12,29.35
2001-01-16,30.30
2001-01-17,30.30
2001-01-18,29.59
2001-01-19,30.50
2001-01-22,32.25
2001-01-23,29.69
2001-01-24,29.60
2001-01-25,29.05
2001-01-26,29.40
2001-01-29,29.77
2001-01-30,29.12
2001-01-31,29.08
2001-02-01,28.70
2001-02-02,29.85
2001-02-05,31.19
2001-02-06,30.52
2001-02-07,30.37
2001-02-08,31.28
2001-02-09,31.49
2001-02-12,30.90
2001-02-13,30.52
2001-02-14,30.30
2001-02-15,29.68
2001-02-16,28.86
2001-02-20,29.42
2001-02-21,28.70
2001-02-22,28.55
2001-02-23,28.82
2001-02-26,28.90
2001-02-27,28.40
2001-02-28,28.03
2001-03-01,27.41
2001-03-02,27.69
2001-03-05,27.96
2001-03-06,28.65
2001-03-07,28.30
2001-03-08,28.92
2001-03-09,28.31
2001-03-12,27.92
2001-03-13,27.98
2001-03-14,27.50
2001-03-15,26.46
2001-03-16,26.54
2001-03-19,26.85
2001-03-20,26.15
2001-03-21,26.12
2001-03-22,26.79
2001-03-23,26.48
2001-03-26,27.40
2001-03-27,27.45
2001-03-28,27.77
2001-03-29,26.31
2001-03-30,26.41
2001-04-02,26.35
2001-04-03,25.60
2001-04-04,26.22
2001-04-05,27.22
2001-04-06,27.25
2001-04-09,27.02
2001-04-10,27.32
2001-04-11,28.45
2001-04-12,28.19
2001-04-16,28.11
2001-04-17,29.00
2001-04-18,28.29
2001-04-19,27.88
2001-04-20,27.82
2001-04-23,27.60
2001-04-24,27.64
2001-04-25,26.80
2001-04-26,27.32
2001-04-27,28.49
2001-04-30,28.39
2001-05-01,28.43
2001-05-02,28.95
2001-05-03,27.82
2001-05-04,28.50
2001-05-07,28.34
2001-05-08,27.78
2001-05-09,27.40
2001-05-10,28.25
2001-05-11,28.52
2001-05-14,28.58
2001-05-15,28.85
2001-05-16,29.07
2001-05-17,28.85
2001-05-18,28.92
2001-05-21,29.90
2001-05-22,30.04
2001-05-23,30.05
2001-05-24,29.58
2001-05-25,28.41
2001-05-29,28.35
2001-05-30,28.72
2001-05-31,28.53
2001-06-01,28.48
2001-06-04,28.07
2001-06-05,28.07
2001-06-06,28.24
2001-06-07,27.65
2001-06-08,27.85
2001-06-11,28.40
2001-06-12,28.94
2001-06-13,29.17
2001-06-14,28.79
2001-06-15,29.05
2001-06-18,28.44
2001-06-19,27.56
2001-06-20,27.49
2001-06-21,26.35
2001-06-22,26.70
2001-06-25,26.84
2001-06-26,27.23
2001-06-27,26.97
2001-06-28,25.60
2001-06-29,25.68
2001-07-02,26.31
2001-07-03,25.99
2001-07-05,26.74
2001-07-06,27.00
2001-07-09,28.09
2001-07-10,27.55
2001-07-11,27.51
2001-07-12,27.01
2001-07-13,26.85
2001-07-16,26.55
2001-07-17,26.07
2001-07-18,25.56
2001-07-19,24.80
2001-07-20,24.70
2001-07-23,26.41
2001-07-24,26.10
2001-07-25,26.31
2001-07-26,26.80
2001-07-27,26.65
2001-07-30,27.00
2001-07-31,26.60
2001-08-01,26.35
2001-08-02,26.77
2001-08-03,27.75
2001-08-06,27.53
2001-08-07,27.72
2001-08-08,27.94
2001-08-09,27.53
2001-08-10,27.69
2001-08-13,28.04
2001-08-14,27.77
2001-08-15,28.00
2001-08-16,27.51
2001-08-17,27.40
2001-08-20,26.60
2001-08-21,27.15
2001-08-22,26.73
2001-08-23,26.38
2001-08-24,26.69
2001-08-27,26.97
2001-08-28,26.70
2001-08-29,27.17
2001-08-30,27.02
2001-08-31,26.55
2001-09-04,27.17
2001-09-05,26.93
2001-09-06,27.01
2001-09-07,27.56
2001-09-10,27.95
2001-09-14,29.98
2001-09-17,28.30
2001-09-18,28.80
2001-09-19,27.67
2001-09-20,26.87
2001-09-21,26.80
2001-09-24,25.90
2001-09-25,22.15
2001-09-26,22.17
2001-09-27,22.71
2001-09-28,22.76
2001-10-01,23.50
2001-10-02,23.15
2001-10-03,22.63
2001-10-04,22.04
2001-10-05,22.66
2001-10-08,22.61
2001-10-09,22.42
2001-10-10,22.44
2001-10-11,22.54
2001-10-12,23.23
2001-10-15,22.60
2001-10-16,22.31
2001-10-17,22.04
2001-10-18,21.83
2001-10-19,21.32
2001-10-22,21.97
2001-10-23,22.20
2001-10-24,21.83
2001-10-25,22.21
2001-10-26,21.98
2001-10-29,22.19
2001-10-30,22.09
2001-10-31,21.84
2001-11-01,21.26
2001-11-02,20.35
2001-11-05,20.18
2001-11-06,19.95
2001-11-07,19.87
2001-11-08,20.13
2001-11-09,21.05
2001-11-12,22.40
2001-11-13,21.21
2001-11-14,21.60
2001-11-15,19.80
2001-11-16,17.30
2001-11-19,18.30
2001-11-20,18.46
2001-11-21,19.08
2001-11-26,19.36
2001-11-27,18.68
2001-11-28,19.55
2001-11-29,19.14
2001-11-30,18.60
2001-12-03,19.40
2001-12-04,20.12
2001-12-05,20.15
2001-12-06,19.47
2001-12-07,18.40
2001-12-10,18.57
2001-12-11,18.30
2001-12-12,18.05
2001-12-13,18.41
2001-12-14,18.15
2001-12-17,19.23
2001-12-18,19.15
2001-12-19,19.46
2001-12-20,19.79
2001-12-21,19.24
2001-12-26,19.64
2001-12-27,21.10
2001-12-28,20.85
2001-12-31,20.36
2002-01-02,19.90
2002-01-03,21.04
2002-01-04,20.41
2002-01-07,21.53
2002-01-08,21.45
2002-01-09,21.25
2002-01-10,20.17
2002-01-11,20.48
2002-01-14,19.68
2002-01-15,18.85
2002-01-16,18.86
2002-01-17,19.05
2002-01-18,18.03
2002-01-22,18.05
2002-01-23,18.98
2002-01-24,19.48
2002-01-25,19.73
2002-01-28,20.06
2002-01-29,19.95
2002-01-30,19.58
2002-01-31,19.14
2002-02-01,19.47
2002-02-04,20.34
2002-02-05,20.00
2002-02-06,20.01
2002-02-07,19.70
2002-02-08,19.71
2002-02-11,20.27
2002-02-12,21.36
2002-02-13,20.58
2002-02-14,21.18
2002-02-15,21.25
2002-02-19,21.22
2002-02-20,20.90
2002-02-21,20.44
2002-02-22,21.00
2002-02-25,21.00
2002-02-26,20.47
2002-02-27,21.45
2002-02-28,21.28
2002-03-01,21.80
2002-03-04,22.43
2002-03-05,22.51
2002-03-06,23.19
2002-03-07,23.20
2002-03-08,23.71
2002-03-11,23.87
2002-03-12,24.35
2002-03-13,24.20
2002-03-14,24.10
2002-03-15,24.55
2002-03-18,24.40
2002-03-19,25.05
2002-03-20,25.05
2002-03-21,24.95
2002-03-22,25.63
2002-03-25,25.35
2002-03-26,25.35
2002-03-27,25.35
2002-03-28,25.83
2002-04-01,26.46
2002-04-02,26.79
2002-04-03,27.71
2002-04-04,27.54
2002-04-05,26.55
2002-04-08,26.40
2002-04-09,26.57
2002-04-10,25.81
2002-04-11,26.10
2002-04-12,25.00
2002-04-15,24.25
2002-04-16,24.55
2002-04-17,24.83
2002-04-18,25.91
2002-04-19,26.15
2002-04-22,26.40
2002-04-23,26.39
2002-04-24,26.60
2002-04-25,26.43
2002-04-26,26.43
2002-04-29,26.92
2002-04-30,27.50
2002-05-01,27.25
2002-05-02,26.75
2002-05-03,26.30
2002-05-06,26.31
2002-05-07,26.15
2002-05-08,26.63
2002-05-09,27.75
2002-05-10,27.72
2002-05-13,27.75
2002-05-14,28.41
2002-05-15,29.28
2002-05-16,28.26
2002-05-17,27.98
2002-05-20,28.20
2002-05-21,28.23
2002-05-22,26.35
2002-05-23,26.43
2002-05-24,26.15
2002-05-28,25.75
2002-05-29,25.20
2002-05-30,25.70
2002-05-31,24.74
2002-06-03,25.26
2002-06-04,25.05
2002-06-05,25.30
2002-06-06,24.92
2002-06-07,24.88
2002-06-10,24.51
2002-06-11,24.25
2002-06-12,24.11
2002-06-13,24.68
2002-06-14,25.63
2002-06-17,26.03
2002-06-18,26.00
2002-06-19,25.37
2002-06-20,25.31
2002-06-21,25.95
2002-06-24,25.70
2002-06-25,26.60
2002-06-26,26.34
2002-06-27,26.75
2002-06-28,26.81
2002-07-01,26.89
2002-07-02,26.82
2002-07-03,26.80
2002-07-08,26.77
2002-07-09,26.10
2002-07-10,26.09
2002-07-11,26.74
2002-07-12,26.83
2002-07-15,27.60
2002-07-16,27.02
2002-07-17,27.72
2002-07-18,27.92
2002-07-19,27.52
2002-07-22,27.75
2002-07-23,26.74
2002-07-24,26.34
2002-07-25,26.85
2002-07-26,26.68
2002-07-29,26.52
2002-07-30,26.52
2002-07-31,27.40
2002-08-01,27.00
2002-08-02,26.47
2002-08-05,26.83
2002-08-06,26.50
2002-08-07,27.17
2002-08-08,26.45
2002-08-09,26.70
2002-08-12,26.90
2002-08-13,27.79
2002-08-14,27.93
2002-08-15,28.22
2002-08-16,29.00
2002-08-19,29.31
2002-08-20,29.83
2002-08-21,28.65
2002-08-22,29.22
2002-08-23,28.85
2002-08-26,28.68
2002-08-27,29.25
2002-08-28,28.87
2002-08-29,28.37
2002-08-30,28.87
2002-09-03,29.00
2002-09-04,27.79
2002-09-05,28.34
2002-09-06,29.01
2002-09-09,29.57
2002-09-10,29.78
2002-09-11,29.66
2002-09-12,29.77
2002-09-13,28.95
2002-09-16,29.78
2002-09-17,29.60
2002-09-18,29.06
2002-09-19,29.48
2002-09-20,29.50
2002-09-23,30.00
2002-09-24,30.73
2002-09-25,30.71
2002-09-26,30.66
2002-09-27,30.39
2002-09-30,30.71
2002-10-01,30.45
2002-10-02,30.82
2002-10-03,30.43
2002-10-04,29.74
2002-10-07,29.72
2002-10-08,29.73
2002-10-09,29.50
2002-10-10,29.36
2002-10-11,29.00
2002-10-14,29.45
2002-10-15,30.01
2002-10-16,29.67
2002-10-17,29.45
2002-10-18,29.65
2002-10-21,29.42
2002-10-22,28.37
2002-10-23,28.09
2002-10-24,28.18
2002-10-25,28.15
2002-10-28,27.12
2002-10-29,27.22
2002-10-30,26.72
2002-10-31,26.83
2002-11-01,27.20
2002-11-04,26.97
2002-11-05,26.89
2002-11-06,26.14
2002-11-07,25.73
2002-11-08,25.34
2002-11-11,25.70
2002-11-12,25.96
2002-11-13,25.90
2002-11-14,25.20
2002-11-15,25.35
2002-11-18,25.53
2002-11-19,26.65
2002-11-20,26.36
2002-11-21,26.08
2002-11-22,26.34
2002-11-25,26.85
2002-11-26,26.09
2002-11-27,26.40
2002-12-02,26.90
2002-12-03,27.25
2002-12-04,27.32
2002-12-05,26.71
2002-12-06,27.34
2002-12-09,27.10
2002-12-10,27.25
2002-12-11,27.75
2002-12-12,27.43
2002-12-13,27.95
2002-12-16,28.62
2002-12-17,30.05
2002-12-18,30.40
2002-12-19,30.40
2002-12-20,30.25
2002-12-23,30.41
2002-12-24,31.85
2002-12-26,31.63
2002-12-27,32.58
2002-12-30,32.75
2002-12-31,31.40
2003-01-02,31.60
2003-01-03,31.98
2003-01-06,33.08
2003-01-07,32.11
2003-01-08,31.05
2003-01-09,30.60
2003-01-10,31.99
2003-01-13,31.30
2003-01-14,32.25
2003-01-15,32.40
2003-01-16,33.15
2003-01-17,33.65
2003-01-21,33.76
2003-01-22,33.05
2003-01-23,32.86
2003-01-24,32.25
2003-01-27,33.34
2003-01-28,32.39
2003-01-29,32.73
2003-01-30,33.63
2003-01-31,33.88
2003-02-03,33.33
2003-02-04,32.76
2003-02-05,33.53
2003-02-06,33.93
2003-02-07,34.12
2003-02-10,34.90
2003-02-11,34.55
2003-02-12,35.40
2003-02-13,35.70
2003-02-14,36.49
2003-02-18,36.38
2003-02-19,36.71
2003-02-20,37.21
2003-02-21,34.80
2003-02-24,35.47
2003-02-25,36.53
2003-02-26,36.06
2003-02-27,37.80
2003-02-28,37.22
2003-03-03,36.45
2003-03-04,35.92
2003-03-05,36.90
2003-03-06,36.81
2003-03-07,37.10
2003-03-10,37.78
2003-03-11,37.25
2003-03-12,36.76
2003-03-13,37.85
2003-03-14,36.13
2003-03-17,35.98
2003-03-18,34.84
2003-03-19,31.77
2003-03-20,29.85
2003-03-21,28.25
2003-03-24,27.37
2003-03-25,28.65
2003-03-26,28.10
2003-03-27,28.73
2003-03-28,30.40
2003-03-31,30.24
2003-04-01,31.16
2003-04-02,29.78
2003-04-03,28.50
2003-04-04,28.98
2003-04-07,28.00
2003-04-08,27.89
2003-04-09,28.10
2003-04-10,28.85
2003-04-11,27.47
2003-04-14,28.15
2003-04-15,28.55
2003-04-16,29.31
2003-04-17,29.10
2003-04-21,30.25
2003-04-22,30.80
2003-04-23,27.90
2003-04-24,26.60
2003-04-25,26.68
2003-04-28,26.20
2003-04-29,25.35
2003-04-30,25.27
2003-05-01,25.95
2003-05-02,26.10
2003-05-05,25.52
2003-05-06,26.51
2003-05-07,25.70
2003-05-08,26.23
2003-05-09,26.98
2003-05-12,27.59
2003-05-13,27.40
2003-05-14,28.45
2003-05-15,29.21
2003-05-16,28.60
2003-05-19,29.16
2003-05-20,28.85
2003-05-21,28.35
2003-05-22,29.04
2003-05-23,28.86
2003-05-27,29.16
2003-05-28,29.26
2003-05-29,28.56
2003-05-30,29.02
2003-06-02,29.49
2003-06-03,30.65
2003-06-04,30.78
2003-06-05,30.05
2003-06-06,30.78
2003-06-09,31.28
2003-06-10,31.40
2003-06-11,31.75
2003-06-12,32.12
2003-06-13,31.51
2003-06-16,30.50
2003-06-17,31.13
2003-06-18,31.05
2003-06-19,30.32
2003-06-20,29.88
2003-06-23,29.53
2003-06-24,29.14
2003-06-25,28.78
2003-06-26,29.95
2003-06-27,29.01
2003-06-30,29.30
2003-07-01,30.12
2003-07-02,30.32
2003-07-03,30.14
2003-07-07,30.15
2003-07-08,30.13
2003-07-09,30.22
2003-07-10,30.88
2003-07-11,31.01
2003-07-14,31.15
2003-07-15,31.34
2003-07-16,31.65
2003-07-17,31.03
2003-07-18,31.44
2003-07-21,32.00
2003-07-22,31.72
2003-07-23,29.47
2003-07-24,29.72
2003-07-25,30.21
2003-07-28,29.97
2003-07-29,30.10
2003-07-30,30.20
2003-07-31,30.70
2003-08-01,30.58
2003-08-04,32.15
2003-08-05,31.79
2003-08-06,32.27
2003-08-07,31.67
2003-08-08,32.39
2003-08-11,32.14
2003-08-12,32.00
2003-08-13,31.88
2003-08-14,30.81
2003-08-15,31.20
2003-08-18,31.31
2003-08-19,30.89
2003-08-20,30.75
2003-08-21,31.00
2003-08-22,31.95
2003-08-25,31.94
2003-08-26,31.50
2003-08-27,31.95
2003-08-28,31.23
2003-08-29,31.45
2003-09-02,31.28
2003-09-03,29.50
2003-09-04,29.45
2003-09-05,28.96
2003-09-08,28.93
2003-09-09,28.87
2003-09-10,29.20
2003-09-11,29.40
2003-09-12,28.85
2003-09-15,28.30
2003-09-16,28.14
2003-09-17,27.56
2003-09-18,27.02
2003-09-19,27.14
2003-09-22,26.97
2003-09-23,27.15
2003-09-24,27.15
2003-09-25,28.24
2003-09-26,28.30
2003-09-29,28.24
2003-09-30,28.38
2003-10-01,29.15
2003-10-02,29.50
2003-10-03,29.82
2003-10-06,30.51
2003-10-07,30.47
2003-10-08,30.44
2003-10-09,29.80
2003-10-10,31.05
2003-10-13,31.97
2003-10-14,31.90
2003-10-15,31.78
2003-10-16,31.77
2003-10-17,31.50
2003-10-20,30.67
2003-10-21,30.33
2003-10-22,30.28
2003-10-23,29.92
2003-10-24,30.34
2003-10-27,30.10
2003-10-28,29.88
2003-10-29,29.55
2003-10-30,28.95
2003-10-31,28.50
2003-11-03,29.13
2003-11-04,28.77
2003-11-05,28.77
2003-11-06,30.25
2003-11-07,30.27
2003-11-10,31.14
2003-11-11,30.92
2003-11-12,31.15
2003-11-13,31.31
2003-11-14,31.90
2003-11-17,32.37
2003-11-18,31.67
2003-11-19,33.20
2003-11-20,32.90
2003-11-21,31.75
2003-11-24,31.47
2003-11-25,29.90
2003-11-26,29.75
2003-12-01,30.26
2003-12-02,29.94
2003-12-03,30.80
2003-12-04,31.10
2003-12-05,31.23
2003-12-08,30.66
2003-12-09,32.09
2003-12-10,31.71
2003-12-11,31.91
2003-12-12,31.97
2003-12-15,32.04
2003-12-16,33.17
2003-12-17,32.85
2003-12-18,33.37
2003-12-19,33.65
2003-12-22,32.90
2003-12-23,31.85
2003-12-24,32.06
2003-12-29,32.75
2003-12-30,32.40
2003-12-31,32.88
2004-01-05,32.40
2004-01-06,33.76
2004-01-07,33.68
2004-01-08,33.65
2004-01-09,34.05
2004-01-12,34.35
2004-01-13,34.80
2004-01-14,34.30
2004-01-15,34.57
2004-01-16,33.50
2004-01-20,34.92
2004-01-21,34.79
2004-01-22,34.59
2004-01-23,34.97
2004-01-26,34.79
2004-01-27,34.45
2004-01-28,34.14
2004-01-29,33.62
2004-01-30,32.87
2004-02-02,33.20
2004-02-03,34.85
2004-02-04,34.09
2004-02-05,33.19
2004-02-06,33.11
2004-02-09,32.35
2004-02-10,32.90
2004-02-11,34.00
2004-02-12,34.00
2004-02-13,33.96
2004-02-17,34.48
2004-02-18,35.08
2004-02-19,35.40
2004-02-20,35.80
2004-02-23,34.27
2004-02-24,34.36
2004-02-25,34.58
2004-02-26,35.70
2004-02-27,35.49
2004-03-01,36.16
2004-03-02,36.80
2004-03-03,36.65
2004-03-04,35.81
2004-03-05,36.70
2004-03-08,37.26
2004-03-09,36.50
2004-03-10,36.30
2004-03-11,36.29
2004-03-12,36.96
2004-03-15,36.15
2004-03-16,37.42
2004-03-17,37.44
2004-03-18,38.20
2004-03-19,37.88
2004-03-22,38.09
2004-03-23,37.05
2004-03-24,37.41
2004-03-25,37.00
2004-03-26,35.58
2004-03-29,35.68
2004-03-30,35.40
2004-03-31,36.24
2004-04-01,35.82
2004-04-02,34.33
2004-04-05,34.20
2004-04-06,34.40
2004-04-07,34.99
2004-04-08,36.17
2004-04-12,37.24
2004-04-13,37.82
2004-04-14,37.15
2004-04-15,36.70
2004-04-16,37.56
2004-04-19,37.65
2004-04-20,37.45
2004-04-21,36.46
2004-04-22,35.74
2004-04-23,36.79
2004-04-26,36.75
2004-04-27,36.93
2004-04-28,37.54
2004-04-29,37.33
2004-04-30,37.42
2004-05-03,37.39
2004-05-04,38.18
2004-05-05,38.95
2004-05-06,39.62
2004-05-07,39.43
2004-05-10,39.84
2004-05-11,38.88
2004-05-12,40.21
2004-05-13,40.73
2004-05-14,41.08
2004-05-17,41.28
2004-05-18,41.55
2004-05-19,40.45
2004-05-20,41.57
2004-05-21,40.68
2004-05-24,40.00
2004-05-25,41.70
2004-05-26,41.13
2004-05-27,40.65
2004-05-28,39.44
2004-06-01,40.40
2004-06-02,42.31
2004-06-03,39.88
2004-06-04,39.25
2004-06-07,38.44
2004-06-08,38.70
2004-06-09,37.22
2004-06-10,37.54
2004-06-14,38.27
2004-06-15,37.59
2004-06-16,37.16
2004-06-17,37.34
2004-06-18,38.48
2004-06-21,38.65
2004-06-22,37.63
2004-06-23,38.19
2004-06-24,37.65
2004-06-25,37.95
2004-06-28,37.29
2004-06-29,36.25
2004-06-30,35.63
2004-07-01,37.05
2004-07-02,38.70
2004-07-06,38.79
2004-07-07,39.58
2004-07-08,39.19
2004-07-09,40.18
2004-07-12,39.76
2004-07-13,39.40
2004-07-14,39.50
2004-07-15,40.97
2004-07-16,40.70
2004-07-19,41.19
2004-07-20,41.63
2004-07-21,40.40
2004-07-22,40.57
2004-07-23,41.40
2004-07-26,41.75
2004-07-27,41.43
2004-07-28,41.85
2004-07-29,42.90
2004-07-30,42.72
2004-08-02,43.69
2004-08-03,43.84
2004-08-04,44.15
2004-08-05,42.81
2004-08-06,44.35
2004-08-09,43.81
2004-08-10,44.82
2004-08-11,44.52
2004-08-12,44.77
2004-08-13,45.47
2004-08-16,46.60
2004-08-17,46.05
2004-08-18,46.75
2004-08-19,47.35
2004-08-20,48.82
2004-08-23,46.81
2004-08-24,46.00
2004-08-25,45.17
2004-08-26,43.54
2004-08-27,43.05
2004-08-30,43.31
2004-08-31,42.25
2004-09-01,42.11
2004-09-02,43.90
2004-09-03,44.07
2004-09-07,43.57
2004-09-08,43.22
2004-09-09,42.73
2004-09-10,44.55
2004-09-13,43.13
2004-09-14,43.80
2004-09-15,44.44
2004-09-16,43.75
2004-09-17,44.01
2004-09-20,45.59
2004-09-21,46.35
2004-09-22,46.75
2004-09-23,48.35
2004-09-24,48.46
2004-09-27,48.75
2004-09-28,49.57
2004-09-29,49.86
2004-09-30,49.50
2004-10-01,49.64
2004-10-04,49.90
2004-10-05,49.83
2004-10-06,51.18
2004-10-07,52.00
2004-10-08,52.55
2004-10-11,53.19
2004-10-12,53.64
2004-10-13,52.60
2004-10-14,53.65
2004-10-15,54.71
2004-10-18,54.80
2004-10-19,53.64
2004-10-20,53.29
2004-10-21,54.27
2004-10-22,54.50
2004-10-25,55.05
2004-10-26,54.49
2004-10-27,55.18
2004-10-28,52.45
2004-10-29,50.85
2004-11-01,51.82
2004-11-02,50.19
2004-11-03,49.61
2004-11-04,50.88
2004-11-05,48.81
2004-11-08,49.60
2004-11-09,49.02
2004-11-10,47.35
2004-11-11,48.80
2004-11-12,47.55
2004-11-15,47.11
2004-11-16,46.89
2004-11-17,46.16
2004-11-18,46.75
2004-11-19,46.20
2004-11-22,48.80
2004-11-23,48.48
2004-11-24,48.84
2004-11-29,49.40
2004-11-30,49.65
2004-12-01,49.07
2004-12-02,45.49
2004-12-03,43.33
2004-12-06,42.50
2004-12-07,43.10
2004-12-08,41.41
2004-12-09,42.05
2004-12-10,42.50
2004-12-13,40.90
2004-12-14,41.12
2004-12-15,41.80
2004-12-16,44.30
2004-12-17,44.10
2004-12-20,46.20
2004-12-21,45.65
2004-12-22,45.75
2004-12-23,44.18
2004-12-27,43.87
2004-12-28,41.25
2004-12-29,41.81
2004-12-30,43.61
2005-01-03,43.10
2005-01-04,42.18
2005-01-05,43.90
2005-01-06,43.39
2005-01-07,45.50
2005-01-10,45.60
2005-01-11,45.23
2005-01-12,45.73
2005-01-13,46.50
2005-01-14,47.87
2005-01-18,48.60
2005-01-19,48.36
2005-01-20,47.60
2005-01-21,47.30
2005-01-24,48.88
2005-01-25,48.82
2005-01-26,49.51
2005-01-27,49.03
2005-01-28,48.84
2005-01-31,46.68
2005-02-01,48.21
2005-02-02,47.19
2005-02-03,46.57
2005-02-04,46.50
2005-02-07,46.32
2005-02-08,45.40
2005-02-09,45.45
2005-02-10,45.54
2005-02-11,46.97
2005-02-14,47.05
2005-02-15,47.34
2005-02-16,47.28
2005-02-17,48.32
2005-02-18,47.60
2005-02-22,48.37
2005-02-23,51.20
2005-02-24,51.21
2005-02-25,51.45
2005-02-28,51.80
2005-03-01,51.77
2005-03-02,51.70
2005-03-03,53.04
2005-03-04,53.60
2005-03-07,53.56
2005-03-08,53.87
2005-03-09,54.54
2005-03-10,54.54
2005-03-11,53.60
2005-03-14,54.45
2005-03-15,54.90
2005-03-16,55.00
2005-03-17,56.45
2005-03-18,56.29
2005-03-21,56.68
2005-03-22,57.36
2005-03-23,55.93
2005-03-24,54.12
2005-03-28,54.44
2005-03-29,53.90
2005-03-30,54.28
2005-03-31,54.03
2005-04-01,55.25
2005-04-04,57.15
2005-04-05,56.96
2005-04-06,55.99
2005-04-07,55.78
2005-04-08,54.12
2005-04-11,53.26
2005-04-12,53.80
2005-04-13,51.77
2005-04-14,50.30
2005-04-15,51.05
2005-04-18,50.43
2005-04-19,50.30
2005-04-20,52.19
2005-04-21,53.87
2005-04-22,54.23
2005-04-25,55.15
2005-04-26,54.34
2005-04-27,54.30
2005-04-28,51.56
2005-04-29,51.81
2005-05-02,49.28
2005-05-03,51.00
2005-05-04,49.52
2005-05-05,50.17
2005-05-06,50.97
2005-05-09,51.28
2005-05-10,52.00
2005-05-11,51.77
2005-05-12,50.41
2005-05-13,48.70
2005-05-16,48.67
2005-05-17,48.64
2005-05-18,48.90
2005-05-19,47.10
2005-05-20,46.95
2005-05-23,48.25
2005-05-24,49.15
2005-05-25,49.63
2005-05-26,50.95
2005-05-27,50.90
2005-05-31,51.98
2005-06-01,51.95
2005-06-02,54.54
2005-06-03,53.51
2005-06-06,55.20
2005-06-07,54.48
2005-06-08,53.84
2005-06-09,52.51
2005-06-10,54.41
2005-06-13,53.43
2005-06-14,55.55
2005-06-15,54.94
2005-06-16,55.51
2005-06-17,56.60
2005-06-20,58.51
2005-06-21,59.37
2005-06-22,58.92
2005-06-23,58.15
2005-06-24,59.40
2005-06-27,59.90
2005-06-28,60.44
2005-06-29,58.26
2005-06-30,57.23
2005-07-01,56.56
2005-07-05,58.89
2005-07-06,59.60
2005-07-07,61.28
2005-07-08,60.72
2005-07-11,59.40
2005-07-12,59.15
2005-07-13,60.55
2005-07-14,59.99
2005-07-15,57.87
2005-07-18,58.00
2005-07-19,57.25
2005-07-20,57.38
2005-07-21,58.15
2005-07-22,57.27
2005-07-25,58.75
2005-07-26,59.10
2005-07-27,59.15
2005-07-28,59.21
2005-07-29,59.93
2005-08-01,60.51
2005-08-02,61.59
2005-08-03,61.94
2005-08-04,60.78
2005-08-05,61.42
2005-08-08,62.31
2005-08-09,63.91
2005-08-10,63.12
2005-08-11,64.95
2005-08-12,65.82
2005-08-15,66.85
2005-08-16,66.26
2005-08-17,66.14
2005-08-18,63.33
2005-08-19,63.30
2005-08-22,65.40
2005-08-23,65.56
2005-08-24,65.79
2005-08-25,67.41
2005-08-26,67.50
2005-08-29,68.60
2005-08-30,67.40
2005-08-31,69.95
2005-09-01,68.75
2005-09-02,69.40
2005-09-06,66.60
2005-09-07,65.83
2005-09-08,64.44
2005-09-09,64.67
2005-09-12,64.15
2005-09-13,63.31
2005-09-14,63.09
2005-09-15,65.05
2005-09-16,64.70
2005-09-19,63.39
2005-09-20,67.24
2005-09-21,66.22
2005-09-22,66.85
2005-09-23,66.58
2005-09-26,63.44
2005-09-27,65.70
2005-09-28,64.94
2005-09-29,66.34
2005-09-30,66.79
2005-10-03,66.20
2005-10-04,65.40
2005-10-05,63.81
2005-10-06,62.72
2005-10-07,61.60
2005-10-10,61.79
2005-10-11,62.02
2005-10-12,63.59
2005-10-13,64.15
2005-10-14,63.05
2005-10-17,62.95
2005-10-18,64.10
2005-10-19,63.00
2005-10-20,62.30
2005-10-21,59.85
2005-10-24,60.06
2005-10-25,60.23
2005-10-26,62.30
2005-10-27,60.88
2005-10-28,61.10
2005-10-31,61.20
2005-11-01,59.76
2005-11-02,59.90
2005-11-03,59.70
2005-11-04,61.75
2005-11-07,60.11
2005-11-08,59.47
2005-11-09,59.70
2005-11-10,58.80
2005-11-11,57.77
2005-11-14,57.80
2005-11-15,57.72
2005-11-16,56.98
2005-11-17,57.82
2005-11-18,56.54
2005-11-21,57.42
2005-11-22,57.80
2005-11-23,58.75
2005-11-28,58.11
2005-11-29,57.31
2005-11-30,56.35
2005-12-01,57.40
2005-12-02,58.47
2005-12-05,59.41
2005-12-06,59.77
2005-12-07,60.01
2005-12-08,59.35
2005-12-09,60.76
2005-12-12,59.51
2005-12-13,61.29
2005-12-14,61.28
2005-12-15,60.85
2005-12-16,59.90
2005-12-19,58.00
2005-12-20,57.30
2005-12-21,58.30
2005-12-22,58.60
2005-12-23,58.26
2005-12-27,58.30
2005-12-28,58.19
2005-12-29,59.89
2005-12-30,60.39
2006-01-03,61.04
2006-01-04,63.00
2006-01-05,63.40
2006-01-06,62.60
2006-01-09,64.15
2006-01-10,63.38
2006-01-11,63.35
2006-01-12,63.98
2006-01-13,63.92
2006-01-17,64.82
2006-01-18,66.35
2006-01-19,65.85
2006-01-20,66.85
2006-01-23,68.45
2006-01-24,68.10
2006-01-25,67.10
2006-01-26,65.85
2006-01-27,66.49
2006-01-30,67.85
2006-01-31,68.40
2006-02-01,67.80
2006-02-02,66.20
2006-02-03,64.70
2006-02-06,65.60
2006-02-07,65.10
2006-02-08,63.19
2006-02-09,62.57
2006-02-10,62.64
2006-02-13,62.10
2006-02-14,61.18
2006-02-15,59.49
2006-02-16,57.70
2006-02-17,58.80
2006-02-21,61.25
2006-02-22,62.50
2006-02-23,60.91
2006-02-24,60.50
2006-02-27,62.80
2006-02-28,60.90
2006-03-01,61.58
2006-03-02,61.96
2006-03-03,63.53
2006-03-06,63.75
2006-03-07,62.32
2006-03-08,61.55
2006-03-09,60.01
2006-03-10,60.56
2006-03-13,60.05
2006-03-14,61.75
2006-03-15,62.94
2006-03-16,62.05
2006-03-17,63.45
2006-03-20,62.75
2006-03-21,60.41
2006-03-22,62.28
2006-03-23,61.90
2006-03-24,63.87
2006-03-27,64.40
2006-03-28,64.22
2006-03-29,66.10
2006-03-30,66.51
2006-03-31,67.05
2006-04-03,66.25
2006-04-04,66.65
2006-04-05,66.20
2006-04-06,67.11
2006-04-07,67.85
2006-04-10,67.40
2006-04-11,68.67
2006-04-12,68.95
2006-04-13,68.52
2006-04-17,69.55
2006-04-18,70.27
2006-04-19,71.29
2006-04-20,72.03
2006-04-21,73.50
2006-04-24,75.35
2006-04-25,73.28
2006-04-26,72.85
2006-04-27,71.93
2006-04-28,70.99
2006-05-01,71.70
2006-05-02,73.80
2006-05-03,74.63
2006-05-04,72.17
2006-05-05,70.20
2006-05-08,70.05
2006-05-09,69.84
2006-05-10,70.65
2006-05-11,72.13
2006-05-12,73.10
2006-05-15,71.90
2006-05-16,69.21
2006-05-17,69.35
2006-05-18,68.65
2006-05-19,69.45
2006-05-22,68.52
2006-05-23,70.05
2006-05-24,71.58
2006-05-25,69.91
2006-05-26,71.30
2006-05-30,71.31
2006-05-31,71.95
2006-06-01,71.26
2006-06-02,70.25
2006-06-05,72.70
2006-06-06,72.64
2006-06-07,72.40
2006-06-08,70.86
2006-06-09,70.28
2006-06-12,71.60
2006-06-13,70.24
2006-06-14,68.45
2006-06-15,69.03
2006-06-16,69.58
2006-06-19,69.87
2006-06-20,69.01
2006-06-21,69.34
2006-06-22,70.34
2006-06-23,70.85
2006-06-26,70.86
2006-06-27,71.74
2006-06-28,71.91
2006-06-29,72.20
2006-06-30,73.51
2006-07-05,73.95
2006-07-06,75.20
2006-07-07,75.02
2006-07-10,73.94
2006-07-11,73.51
2006-07-12,74.03
2006-07-13,74.98
2006-07-14,76.67
2006-07-17,76.91
2006-07-18,75.20
2006-07-19,73.90
2006-07-20,73.00
2006-07-21,74.07
2006-07-24,74.45
2006-07-25,75.10
2006-07-26,73.80
2006-07-27,73.90
2006-07-28,74.50
2006-07-31,73.50
2006-08-01,74.40
2006-08-02,74.92
2006-08-03,76.00
2006-08-04,75.60
2006-08-07,74.78
2006-08-08,77.05
2006-08-09,76.33
2006-08-10,76.25
2006-08-11,74.00
2006-08-14,73.79
2006-08-15,73.38
2006-08-16,72.93
2006-08-17,71.65
2006-08-18,70.48
2006-08-21,71.22
2006-08-22,72.45
2006-08-23,72.85
2006-08-24,71.65
2006-08-25,72.80
2006-08-28,72.20
2006-08-29,70.46
2006-08-30,69.77
2006-08-31,70.45
2006-09-01,70.29
2006-09-05,69.25
2006-09-06,68.65
2006-09-07,67.55
2006-09-08,67.20
2006-09-11,66.01
2006-09-12,65.59
2006-09-13,63.84
2006-09-14,64.27
2006-09-15,63.45
2006-09-18,63.49
2006-09-19,63.85
2006-09-20,61.70
2006-09-21,60.81
2006-09-22,61.71
2006-09-25,60.25
2006-09-26,61.44
2006-09-27,61.14
2006-09-28,62.99
2006-09-29,62.70
2006-10-02,62.80
2006-10-03,60.90
2006-10-04,58.50
2006-10-05,59.76
2006-10-06,60.04
2006-10-09,59.90
2006-10-10,59.95
2006-10-11,58.52
2006-10-12,57.40
2006-10-13,58.34
2006-10-16,58.86
2006-10-17,60.05
2006-10-18,59.10
2006-10-19,57.72
2006-10-20,58.61
2006-10-23,59.43
2006-10-24,58.89
2006-10-25,59.50
2006-10-26,61.58
2006-10-27,60.30
2006-10-30,60.75
2006-10-31,58.41
2006-11-01,58.60
2006-11-02,58.60
2006-11-03,57.86
2006-11-06,59.15
2006-11-07,60.12
2006-11-08,59.16
2006-11-09,60.00
2006-11-10,61.03
2006-11-13,59.60
2006-11-14,58.60
2006-11-15,58.45
2006-11-16,58.77
2006-11-17,56.25
2006-11-20,58.73
2006-11-21,58.96
2006-11-22,60.05
2006-11-27,59.89
2006-11-28,60.40
2006-11-29,60.99
2006-11-30,62.32
2006-12-01,62.85
2006-12-04,63.81
2006-12-05,62.42
2006-12-06,62.42
2006-12-07,62.31
2006-12-08,62.75
2006-12-11,62.21
2006-12-12,61.30
2006-12-13,60.97
2006-12-14,61.52
2006-12-15,62.52
2006-12-18,63.20
2006-12-19,62.19
2006-12-20,63.50
2006-12-21,63.58
2006-12-22,62.67
2006-12-26,62.44
2006-12-27,60.91
2006-12-28,60.41
2006-12-29,60.50
2007-01-02,60.98
2007-01-03,60.95
2007-01-04,58.35
2007-01-05,55.41
2007-01-08,56.24
2007-01-09,56.12
2007-01-10,55.75
2007-01-11,53.59
2007-01-12,52.07
2007-01-16,52.94
2007-01-17,51.20
2007-01-18,52.40
2007-01-19,50.47
2007-01-22,52.09
2007-01-23,52.64
2007-01-24,54.97
2007-01-25,55.39
2007-01-26,54.33
2007-01-29,55.63
2007-01-30,53.87
2007-01-31,56.90
2007-02-01,57.89
2007-02-02,57.39
2007-02-05,59.25
2007-02-06,58.90
2007-02-07,59.12
2007-02-08,57.73
2007-02-09,59.78
2007-02-12,59.68
2007-02-13,57.61
2007-02-14,59.03
2007-02-15,58.03
2007-02-16,58.04
2007-02-20,58.87
2007-02-21,58.89
2007-02-22,60.13
2007-02-23,60.72
2007-02-26,60.88
2007-02-27,61.44
2007-02-28,60.28
2007-03-01,61.82
2007-03-02,61.84
2007-03-05,61.30
2007-03-06,59.89
2007-03-07,60.79
2007-03-08,61.74
2007-03-09,61.71
2007-03-12,59.96
2007-03-13,59.01
2007-03-14,58.17
2007-03-15,58.20
2007-03-16,57.53
2007-03-19,57.11
2007-03-20,56.67
2007-03-21,59.65
2007-03-22,60.02
2007-03-23,61.97
2007-03-26,62.34
2007-03-27,62.83
2007-03-28,64.40
2007-03-29,64.03
2007-03-30,66.05
2007-04-02,66.03
2007-04-03,65.80
2007-04-04,64.52
2007-04-05,64.39
2007-04-09,64.29
2007-04-10,61.72
2007-04-11,61.81
2007-04-12,61.92
2007-04-13,63.90
2007-04-16,63.41
2007-04-17,63.60
2007-04-18,63.25
2007-04-19,62.99
2007-04-20,61.79
2007-04-23,64.11
2007-04-24,65.75
2007-04-25,64.61
2007-04-26,65.68
2007-04-27,65.30
2007-04-30,66.36
2007-05-01,65.66
2007-05-02,64.43
2007-05-03,63.48
2007-05-04,63.25
2007-05-07,61.71
2007-05-08,61.64
2007-05-09,62.18
2007-05-10,61.57
2007-05-11,61.89
2007-05-14,62.42
2007-05-15,62.54
2007-05-16,63.15
2007-05-17,62.62
2007-05-18,64.92
2007-05-21,64.95
2007-05-22,66.27
2007-05-23,65.61
2007-05-24,65.72
2007-05-25,64.48
2007-05-29,64.98
2007-05-30,63.26
2007-05-31,63.31
2007-06-01,64.23
2007-06-04,64.87
2007-06-05,66.05
2007-06-06,65.67
2007-06-07,65.90
2007-06-08,66.70
2007-06-11,64.70
2007-06-12,65.88
2007-06-13,65.22
2007-06-14,66.03
2007-06-15,67.69
2007-06-18,68.13
2007-06-19,69.01
2007-06-20,69.02
2007-06-21,68.70
2007-06-22,68.66
2007-06-25,68.85
2007-06-26,69.02
2007-06-27,67.83
2007-06-28,69.00
2007-06-29,69.58
2007-07-02,70.52
2007-07-03,71.28
2007-07-05,71.25
2007-07-06,71.80
2007-07-09,72.75
2007-07-10,72.05
2007-07-11,72.61
2007-07-12,72.45
2007-07-13,72.72
2007-07-16,74.01
2007-07-17,74.28
2007-07-18,74.21
2007-07-19,75.07
2007-07-20,75.96
2007-07-23,75.69
2007-07-24,74.89
2007-07-25,73.35
2007-07-26,76.31
2007-07-27,75.05
2007-07-30,76.92
2007-07-31,76.70
2007-08-01,77.94
2007-08-02,76.74
2007-08-03,76.89
2007-08-06,75.04
2007-08-07,72.06
2007-08-08,72.38
2007-08-09,72.27
2007-08-10,71.59
2007-08-13,71.47
2007-08-14,71.55
2007-08-15,72.69
2007-08-16,73.14
2007-08-17,71.67
2007-08-20,71.77
2007-08-21,70.90
2007-08-22,69.64
2007-08-23,69.35
2007-08-24,70.02
2007-08-27,71.04
2007-08-28,72.12
2007-08-29,71.58
2007-08-30,73.50
2007-08-31,73.60
2007-09-04,73.90
2007-09-05,75.12
2007-09-06,75.88
2007-09-07,76.59
2007-09-10,76.46
2007-09-11,77.79
2007-09-12,78.16
2007-09-13,79.65
2007-09-14,79.92
2007-09-17,79.03
2007-09-18,80.86
2007-09-19,82.17
2007-09-20,81.73
2007-09-21,81.78
2007-09-24,81.30
2007-09-25,80.61
2007-09-26,79.32
2007-09-27,80.63
2007-09-28,82.95
2007-10-01,81.75
2007-10-02,80.22
2007-10-03,80.23
2007-10-04,79.68
2007-10-05,81.40
2007-10-08,81.11
2007-10-09,79.26
2007-10-10,80.22
2007-10-11,81.32
2007-10-12,82.87
2007-10-15,83.91
2007-10-16,86.50
2007-10-17,87.50
2007-10-18,87.10
2007-10-19,89.74
2007-10-22,88.86
2007-10-23,85.77
2007-10-24,85.17
2007-10-25,87.63
2007-10-26,90.36
2007-10-29,91.72
2007-10-30,93.67
2007-10-31,89.72
2007-11-01,95.15
2007-11-02,93.65
2007-11-05,95.93
2007-11-06,94.46
2007-11-07,96.83
2007-11-08,95.84
2007-11-09,95.91
2007-11-12,96.01
2007-11-13,93.59
2007-11-14,91.35
2007-11-15,93.95
2007-11-16,93.70
2007-11-19,93.88
2007-11-20,94.88
2007-11-21,98.09
2007-11-23,97.36
2007-11-26,98.28
2007-11-27,96.88
2007-11-28,94.56
2007-11-29,91.36
2007-11-30,91.19
2007-12-03,88.79
2007-12-04,89.68
2007-12-05,88.23
2007-12-06,87.27
2007-12-07,90.53
2007-12-10,88.27
2007-12-11,88.22
2007-12-12,89.45
2007-12-13,94.21
2007-12-14,92.57
2007-12-17,91.43
2007-12-18,90.97
2007-12-19,90.35
2007-12-20,91.39
2007-12-21,91.04
2007-12-24,93.58
2007-12-26,93.99
2007-12-27,95.81
2007-12-28,96.84
2007-12-31,96.12
2008-01-02,96.05
2008-01-03,99.23
2008-01-04,99.17
2008-01-07,97.79
2008-01-08,95.35
2008-01-09,96.24
2008-01-10,95.79
2008-01-11,94.24
2008-01-14,92.92
2008-01-15,94.24
2008-01-16,91.68
2008-01-17,91.00
2008-01-18,89.90
2008-01-22,90.58
2008-01-23,89.15
2008-01-24,87.72
2008-01-25,89.55
2008-01-28,90.62
2008-01-29,91.05
2008-01-30,92.37
2008-01-31,91.77
2008-02-01,91.36
2008-02-04,88.66
2008-02-05,89.98
2008-02-06,88.27
2008-02-07,87.06
2008-02-08,88.29
2008-02-11,91.76
2008-02-12,93.61
2008-02-13,92.50
2008-02-14,93.29
2008-02-15,95.22
2008-02-19,95.37
2008-02-20,99.98
2008-02-21,100.01
2008-02-22,97.50
2008-02-25,98.99
2008-02-26,99.35
2008-02-27,101.20
2008-02-28,99.63
2008-02-29,102.55
2008-03-03,101.63
2008-03-04,102.35
2008-03-05,99.88
2008-03-06,104.64
2008-03-07,105.58
2008-03-10,105.25
2008-03-11,107.91
2008-03-12,108.65
2008-03-13,110.06
2008-03-14,110.24
2008-03-17,110.10
2008-03-18,106.15
2008-03-19,108.80
2008-03-20,102.10
2008-03-24,101.70
2008-03-25,100.43
2008-03-26,101.55
2008-03-27,106.00
2008-03-28,107.19
2008-03-31,105.12
2008-04-01,101.57
2008-04-02,100.83
2008-04-03,104.53
2008-04-04,104.26
2008-04-07,106.12
2008-04-08,108.88
2008-04-09,108.75
2008-04-10,110.70
2008-04-11,110.06
2008-04-14,110.00
2008-04-15,111.80
2008-04-16,113.85
2008-04-17,115.00
2008-04-18,115.00
2008-04-21,116.93
2008-04-22,117.53
2008-04-23,118.33
2008-04-24,117.93
2008-04-25,115.95
2008-04-28,118.95
2008-04-29,118.84
2008-04-30,115.36
2008-05-01,114.60
2008-05-02,112.25
2008-05-05,116.50
2008-05-06,119.90
2008-05-07,121.76
2008-05-08,123.81
2008-05-09,124.28
2008-05-12,125.84
2008-05-13,123.76
2008-05-14,125.97
2008-05-15,123.83
2008-05-16,124.40
2008-05-19,126.35
2008-05-20,127.49
2008-05-21,129.10
2008-05-22,133.89
2008-05-23,130.75
2008-05-27,131.68
2008-05-28,128.30
2008-05-29,130.75
2008-05-30,126.59
2008-06-02,127.63
2008-06-03,127.50
2008-06-04,124.23
2008-06-05,122.23
2008-06-06,128.20
2008-06-09,137.97
2008-06-10,135.02
2008-06-11,131.79
2008-06-12,136.54
2008-06-13,136.97
2008-06-16,134.41
2008-06-17,133.60
2008-06-18,133.50
2008-06-19,136.09
2008-06-20,132.06
2008-06-23,134.80
2008-06-24,137.25
2008-06-25,137.07
2008-06-26,134.52
2008-06-27,139.44
2008-06-30,140.60
2008-07-01,140.18
2008-07-02,141.44
2008-07-03,144.19
2008-07-07,144.27
2008-07-08,141.59
2008-07-09,136.00
2008-07-10,135.80
2008-07-11,141.80
2008-07-14,144.69
2008-07-15,145.19
2008-07-16,138.77
2008-07-17,135.11
2008-07-18,129.56
2008-07-21,128.88
2008-07-22,131.04
2008-07-23,128.50
2008-07-24,124.46
2008-07-25,125.60
2008-07-28,123.41
2008-07-29,124.94
2008-07-30,121.90
2008-07-31,126.90
2008-08-01,124.06
2008-08-04,125.98
2008-08-05,121.00
2008-08-06,118.75
2008-08-07,118.80
2008-08-08,119.90
2008-08-11,115.20
2008-08-12,114.53
2008-08-13,113.09
2008-08-14,116.39
2008-08-15,114.83
2008-08-18,113.94
2008-08-19,113.11
2008-08-20,115.11
2008-08-21,115.86
2008-08-22,121.55
2008-08-25,114.69
2008-08-26,115.50
2008-08-27,116.04
2008-08-28,118.16
2008-08-29,115.75
2008-09-02,116.65
2008-09-03,110.24
2008-09-04,109.40
2008-09-05,107.48
2008-09-08,107.75
2008-09-09,106.66
2008-09-10,102.20
2008-09-11,102.78
2008-09-12,101.15
2008-09-15,101.00
2008-09-16,94.23
2008-09-17,92.81
2008-09-18,97.10
2008-09-19,97.95
2008-09-22,104.97
2008-09-23,108.98
2008-09-24,106.93
2008-09-25,105.53
2008-09-26,107.70
2008-09-29,106.89
2008-09-30,95.40
2008-10-01,101.86
2008-10-02,98.73
2008-10-03,93.85
2008-10-06,92.50
2008-10-07,88.96
2008-10-08,89.56
2008-10-09,88.80
2008-10-10,84.93
2008-10-13,80.12
2008-10-14,82.00
2008-10-15,78.75
2008-10-16,73.60
2008-10-17,72.30
2008-10-20,72.16
2008-10-21,75.62
2008-10-22,71.47
2008-10-23,67.21
2008-10-24,69.42
2008-10-27,64.78
2008-10-28,62.24
2008-10-29,64.50
2008-10-30,68.11
2008-10-31,65.58
2008-11-03,67.37
2008-11-04,63.80
2008-11-05,70.00
2008-11-06,65.02
2008-11-07,60.67
2008-11-10,61.80
2008-11-11,62.14
2008-11-12,59.00
2008-11-13,55.44
2008-11-14,59.39
2008-11-17,56.74
2008-11-18,55.01
2008-11-19,54.70
2008-11-20,53.10
2008-11-21,48.57
2008-11-24,50.97
2008-11-25,54.30
2008-11-26,50.65
2008-11-28,54.30
2008-12-01,54.62
2008-12-02,48.85
2008-12-03,47.76
2008-12-04,47.00
2008-12-05,43.78
2008-12-08,41.64
2008-12-09,44.05
2008-12-10,42.40
2008-12-11,44.05
2008-12-12,47.00
2008-12-15,46.77
2008-12-16,44.95
2008-12-17,43.75
2008-12-18,40.32
2008-12-19,36.26
2008-12-22,42.79
2008-12-23,39.55
2008-12-24,39.15
2008-12-26,35.70
2008-12-29,38.40
2008-12-30,40.01
2008-12-31,39.17
2009-01-02,43.72
2009-01-05,47.04
2009-01-06,48.40
2009-01-07,48.41
2009-01-08,42.63
2009-01-09,42.45
2009-01-12,40.55
2009-01-13,37.49
2009-01-14,38.72
2009-01-15,37.34
2009-01-16,35.28
2009-01-20,36.14
2009-01-21,40.91
2009-01-22,44.21
2009-01-23,43.26
2009-01-26,46.05
2009-01-27,45.65
2009-01-28,41.99
2009-01-29,42.22
2009-01-30,41.65
2009-02-02,41.75
2009-02-03,40.28
2009-02-04,40.93
2009-02-05,40.30
2009-02-06,41.00
2009-02-09,39.88
2009-02-10,39.76
2009-02-11,38.15
2009-02-12,35.92
2009-02-13,34.36
2009-02-17,37.81
2009-02-18,35.02
2009-02-19,34.75
2009-02-20,38.86
2009-02-23,39.73
2009-02-24,38.10
2009-02-25,39.92
2009-02-26,42.39
2009-02-27,44.59
2009-03-02,44.34
2009-03-03,40.10
2009-03-04,41.38
2009-03-05,45.42
2009-03-06,43.61
2009-03-09,45.76
2009-03-10,47.25
2009-03-11,45.57
2009-03-12,42.73
2009-03-13,47.21
2009-03-16,45.20
2009-03-17,47.06
2009-03-18,48.67
2009-03-19,49.73
2009-03-20,51.06
2009-03-23,52.13
2009-03-24,53.83
2009-03-25,53.73
2009-03-26,52.84
2009-03-27,54.00
2009-03-30,52.25
2009-03-31,48.64
2009-04-01,48.96
2009-04-02,48.45
2009-04-03,52.36
2009-04-06,52.40
2009-04-07,51.39
2009-04-08,48.47
2009-04-09,49.96
2009-04-13,52.00
2009-04-14,49.96
2009-04-15,49.16
2009-04-16,49.70
2009-04-17,49.93
2009-04-20,50.16
2009-04-21,45.26
2009-04-22,48.68
2009-04-23,48.49
2009-04-24,49.65
2009-04-27,51.45
2009-04-28,50.10
2009-04-29,49.25
2009-04-30,50.79
2009-05-01,50.95
2009-05-04,52.62
2009-05-05,54.46
2009-05-06,54.12
2009-05-07,56.30
2009-05-08,56.50
2009-05-11,58.49
2009-05-12,58.10
2009-05-13,59.29
2009-05-14,57.73
2009-05-15,58.54
2009-05-18,56.47
2009-05-19,59.16
2009-05-20,60.18
2009-05-21,61.68
2009-05-22,61.05
2009-05-26,61.50
2009-05-27,62.87
2009-05-28,62.91
2009-05-29,64.77
2009-06-01,66.48
2009-06-02,68.04
2009-06-03,68.25
2009-06-04,66.09
2009-06-05,68.73
2009-06-08,68.32
2009-06-09,68.69
2009-06-10,70.51
2009-06-11,71.46
2009-06-12,72.43
2009-06-15,72.20
2009-06-16,70.31
2009-06-17,70.26
2009-06-18,70.82
2009-06-19,71.35
2009-06-22,69.89
2009-06-23,67.15
2009-06-24,68.55
2009-06-25,68.29
2009-06-26,70.34
2009-06-29,69.25
2009-06-30,71.60
2009-07-01,70.45
2009-07-02,69.22
2009-07-06,66.49
2009-07-07,64.19
2009-07-08,62.31
2009-07-09,60.38
2009-07-10,60.45
2009-07-13,59.86
2009-07-14,60.14
2009-07-15,59.79
2009-07-16,62.00
2009-07-17,62.24
2009-07-20,63.38
2009-07-21,64.20
2009-07-22,65.03
2009-07-23,65.40
2009-07-24,66.62
2009-07-27,68.05
2009-07-28,68.26
2009-07-29,66.68
2009-07-30,62.86
2009-07-31,66.69
2009-08-03,69.30
2009-08-04,71.34
2009-08-05,71.82
2009-08-06,71.83
2009-08-07,71.81
2009-08-10,70.67
2009-08-11,70.76
2009-08-12,69.67
2009-08-13,70.54
2009-08-14,70.90
2009-08-17,67.69
2009-08-18,66.80
2009-08-19,70.25
2009-08-20,72.15
2009-08-21,72.88
2009-08-24,73.75
2009-08-25,73.97
2009-08-26,71.35
2009-08-27,71.36
2009-08-28,72.86
2009-08-31,71.00
2009-09-01,69.85
2009-09-02,67.70
2009-09-03,68.15
2009-09-04,68.19
2009-09-08,67.87
2009-09-09,71.33
2009-09-10,71.64
2009-09-11,72.05
2009-09-14,69.15
2009-09-15,68.78
2009-09-16,70.40
2009-09-17,72.31
2009-09-18,72.40
2009-09-21,71.78
2009-09-22,69.67
2009-09-23,71.63
2009-09-24,68.33
2009-09-25,65.92
2009-09-28,66.15
2009-09-29,67.11
2009-09-30,66.71
2009-10-01,70.40
2009-10-02,70.35
2009-10-05,69.81
2009-10-06,70.26
2009-10-07,71.16
2009-10-08,69.80
2009-10-09,71.42
2009-10-12,72.24
2009-10-13,73.17
2009-10-14,74.40
2009-10-15,75.34
2009-10-16,77.76
2009-10-19,78.56
2009-10-20,79.61
2009-10-21,78.69
2009-10-22,81.04
2009-10-23,81.26
2009-10-26,79.65
2009-10-27,78.68
2009-10-28,79.47
2009-10-29,78.75
2009-10-30,79.98
2009-11-02,77.02
2009-11-03,78.09
2009-11-04,79.47
2009-11-05,80.29
2009-11-06,79.80
2009-11-09,77.87
2009-11-10,79.24
2009-11-11,78.88
2009-11-12,79.25
2009-11-13,76.78
2009-11-16,76.58
2009-11-17,78.93
2009-11-18,79.38
2009-11-19,79.63
2009-11-20,77.59
2009-11-23,77.80
2009-11-24,77.45
2009-11-25,75.83
2009-11-27,77.80
2009-11-30,76.05
2009-12-01,77.35
2009-12-02,77.90
2009-12-03,76.51
2009-12-04,75.83
2009-12-07,75.80
2009-12-08,74.00
2009-12-09,73.12
2009-12-10,70.80
2009-12-11,70.57
2009-12-14,69.63
2009-12-15,69.57
2009-12-16,70.78
2009-12-17,72.74
2009-12-18,72.60
2009-12-21,73.05
2009-12-22,73.43
2009-12-23,74.52
2009-12-24,76.59
2009-12-28,77.92
2009-12-29,78.66
2009-12-30,78.80
2009-12-31,79.28
2010-01-04,79.63
2010-01-05,81.63
2010-01-06,81.43
2010-01-07,83.20
2010-01-08,82.65
2010-01-11,82.88
2010-01-12,82.07
2010-01-13,80.06
2010-01-14,79.63
2010-01-15,79.20
2010-01-19,77.85
2010-01-20,78.88
2010-01-21,77.56
2010-01-22,75.84
2010-01-25,74.24
2010-01-26,75.28
2010-01-27,74.69
2010-01-28,73.75
2010-01-29,73.89
2010-02-01,72.84
2010-02-02,74.94
2010-02-03,76.99
2010-02-04,77.09
2010-02-05,73.04
2010-02-08,72.18
2010-02-09,71.68
2010-02-10,73.79
2010-02-11,74.65
2010-02-12,75.30
2010-02-16,74.02
2010-02-17,77.32
2010-02-18,77.29
2010-02-19,78.37
2010-02-22,80.10
2010-02-23,80.03
2010-02-24,79.13
2010-02-25,80.31
2010-02-26,78.33
2010-03-01,79.84
2010-03-02,78.88
2010-03-03,79.64
2010-03-04,81.01
2010-03-05,80.58
2010-03-08,81.79
2010-03-09,81.75
2010-03-10,81.38
2010-03-11,81.98
2010-03-12,82.20
2010-03-15,81.13
2010-03-16,79.84
2010-03-17,82.05
2010-03-18,82.85
2010-03-19,82.17
2010-03-22,80.93
2010-03-23,81.81
2010-03-24,81.58
2010-03-25,80.25
2010-03-26,80.13
2010-03-29,80.24
2010-03-30,82.50
2010-03-31,82.50
2010-04-01,83.36
2010-04-05,85.31
2010-04-06,86.74
2010-04-07,86.76
2010-04-08,85.64
2010-04-09,85.56
2010-04-12,85.17
2010-04-13,84.36
2010-04-14,83.82
2010-04-15,85.91
2010-04-16,85.35
2010-04-19,82.92
2010-04-20,81.69
2010-04-21,84.03
2010-04-22,83.47
2010-04-23,83.75
2010-04-26,85.22
2010-04-27,83.89
2010-04-28,81.84
2010-04-29,83.33
2010-04-30,85.58
2010-05-03,86.20
2010-05-04,86.09
2010-05-05,82.13
2010-05-06,79.63
2010-05-07,76.95
2010-05-10,76.11
2010-05-11,77.26
2010-05-12,75.89
2010-05-13,75.47
2010-05-14,73.99
2010-05-17,71.79
2010-05-18,70.50
2010-05-19,69.11
2010-05-20,71.20
2010-05-21,69.52
2010-05-24,70.62
2010-05-25,69.90
2010-05-26,70.06
2010-05-27,70.74
2010-05-28,74.90
2010-06-01,73.97
2010-06-02,71.94
2010-06-03,73.70
2010-06-04,74.61
2010-06-07,70.35
2010-06-08,71.16
2010-06-09,72.51
2010-06-10,73.87
2010-06-11,75.52
2010-06-14,74.06
2010-06-15,74.77
2010-06-16,77.06
2010-06-17,77.45
2010-06-18,76.55
2010-06-21,77.50
2010-06-22,77.35
2010-06-23,77.52
2010-06-24,76.00
2010-06-25,76.56
2010-06-28,79.00
2010-06-29,78.15
2010-06-30,75.46
2010-07-01,75.37
2010-07-02,72.67
2010-07-06,72.06
2010-07-07,72.07
2010-07-08,74.85
2010-07-09,75.85
2010-07-12,76.30
2010-07-13,75.06
2010-07-14,77.13
2010-07-15,76.76
2010-07-16,76.82
2010-07-19,75.72
2010-07-20,76.40
2010-07-21,77.85
2010-07-22,76.43
2010-07-23,79.27
2010-07-26,78.98
2010-07-27,78.92
2010-07-28,77.08
2010-07-29,76.89
2010-07-30,78.25
2010-08-02,78.95
2010-08-03,81.41
2010-08-04,82.42
2010-08-05,82.44
2010-08-06,82.12
2010-08-09,80.91
2010-08-10,81.44
2010-08-11,80.22
2010-08-12,77.31
2010-08-13,75.75
2010-08-16,75.60
2010-08-17,75.06
2010-08-18,75.45
2010-08-19,75.27
2010-08-20,74.45
2010-08-23,73.90
2010-08-24,72.95
2010-08-25,71.47
2010-08-26,72.82
2010-08-27,73.18
2010-08-30,75.50
2010-08-31,74.07
2010-09-01,71.70
2010-09-02,73.91
2010-09-03,74.93
2010-09-07,74.30
2010-09-08,73.91
2010-09-09,74.92
2010-09-10,74.40
2010-09-13,76.36
2010-09-14,77.17
2010-09-15,76.64
2010-09-16,75.76
2010-09-17,74.47
2010-09-20,73.59
2010-09-21,74.57
2010-09-22,74.79
2010-09-23,74.84
2010-09-24,74.95
2010-09-27,76.47
2010-09-28,76.23
2010-09-29,76.20
2010-09-30,77.91
2010-10-01,79.84
2010-10-04,81.68
2010-10-05,81.37
2010-10-06,82.60
2010-10-07,83.27
2010-10-08,81.43
2010-10-11,82.95
2010-10-12,81.94
2010-10-13,81.72
2010-10-14,83.23
2010-10-15,82.77
2010-10-18,81.38
2010-10-19,82.95
2010-10-20,79.48
2010-10-21,82.55
2010-10-22,80.73
2010-10-25,82.01
2010-10-26,82.47
2010-10-27,82.48
2010-10-28,81.99
2010-10-29,81.92
2010-11-01,81.45
2010-11-02,82.88
2010-11-03,84.37
2010-11-04,85.09
2010-11-05,86.60
2010-11-08,87.39
2010-11-09,86.75
2010-11-10,86.45
2010-11-11,87.85
2010-11-12,87.73
2010-11-15,84.87
2010-11-16,84.58
2010-11-17,82.44
2010-11-18,80.45
2010-11-19,82.24
2010-11-22,82.15
2010-11-23,81.61
2010-11-24,80.99
2010-11-26,84.21
2010-11-29,83.90
2010-11-30,85.81
2010-12-01,83.66
2010-12-02,86.80
2010-12-03,87.94
2010-12-06,89.44
2010-12-07,88.92
2010-12-08,88.35
2010-12-09,88.55
2010-12-10,88.51
2010-12-13,87.68
2010-12-14,88.19
2010-12-15,88.28
2010-12-16,88.48
2010-12-17,87.87
2010-12-20,88.18
2010-12-21,89.22
2010-12-22,89.99
2010-12-23,90.61
2010-12-27,91.07
2010-12-28,90.79
2010-12-29,91.27
2010-12-30,90.98
2010-12-31,89.67
2011-01-03,91.31
2011-01-04,91.50
2011-01-05,89.29
2011-01-06,90.47
2011-01-07,88.18
2011-01-10,89.00
2011-01-11,89.31
2011-01-12,91.18
2011-01-13,92.00
2011-01-14,90.99
2011-01-18,91.51
2011-01-19,91.34
2011-01-20,90.70
2011-01-21,89.45
2011-01-24,89.26
2011-01-25,87.70
2011-01-26,86.23
2011-01-27,87.55
2011-01-28,85.28
2011-01-31,89.97
2011-02-01,92.20
2011-02-02,90.51
2011-02-03,90.93
2011-02-04,90.63
2011-02-07,89.06
2011-02-08,87.41
2011-02-09,87.35
2011-02-10,86.93
2011-02-11,87.70
2011-02-14,85.50
2011-02-15,84.84
2011-02-16,84.44
2011-02-17,85.25
2011-02-18,86.40
2011-02-22,86.33
2011-02-23,95.68
2011-02-24,98.97
2011-02-25,96.63
2011-02-28,98.50
2011-03-01,96.97
2011-03-02,100.48
2011-03-03,102.39
2011-03-04,101.70
2011-03-07,104.65
2011-03-08,104.85
2011-03-09,104.96
2011-03-10,104.45
2011-03-11,102.64
2011-03-14,100.31
2011-03-15,101.86
2011-03-16,97.40
2011-03-17,98.10
2011-03-18,101.78
2011-03-21,102.12
2011-03-22,102.10
2011-03-23,104.85
2011-03-24,105.52
2011-03-25,105.46
2011-03-28,105.43
2011-03-29,103.94
2011-03-30,104.45
2011-03-31,104.31
2011-04-01,106.62
2011-04-04,108.29
2011-04-05,108.20
2011-04-06,107.99
2011-04-07,108.67
2011-04-08,110.32
2011-04-11,113.28
2011-04-12,108.97
2011-04-13,106.02
2011-04-14,107.32
2011-04-15,108.45
2011-04-18,109.43
2011-04-19,107.52
2011-04-20,108.45
2011-04-21,111.37
2011-04-25,112.34
2011-04-26,112.15
2011-04-27,111.89
2011-04-28,113.13
2011-04-29,112.82
2011-05-02,113.89
2011-05-03,112.98
2011-05-04,110.68
2011-05-05,108.78
2011-05-06,99.76
2011-05-09,98.11
2011-05-10,102.44
2011-05-11,103.69
2011-05-12,98.59
2011-05-13,98.81
2011-05-16,99.36
2011-05-17,96.98
2011-05-18,97.57
2011-05-19,99.76
2011-05-20,98.60
2011-05-23,99.68
2011-05-24,97.54
2011-05-25,99.27
2011-05-26,101.24
2011-05-27,100.16
2011-05-31,100.69
2011-06-01,102.68
2011-06-02,99.79
2011-06-03,100.87
2011-06-06,100.42
2011-06-07,98.82
2011-06-08,99.58
2011-06-09,100.83
2011-06-10,101.84
2011-06-13,98.77
2011-06-14,97.09
2011-06-15,99.68
2011-06-16,95.29
2011-06-17,95.10
2011-06-20,92.80
2011-06-21,93.49
2011-06-22,93.76
2011-06-23,94.40
2011-06-24,92.29
2011-06-27,91.16
2011-06-28,90.71
2011-06-29,93.37
2011-06-30,95.08
2011-07-01,95.12
2011-07-05,94.98
2011-07-06,97.00
2011-07-07,97.04
2011-07-08,98.79
2011-07-11,96.10
2011-07-12,95.09
2011-07-13,96.72
2011-07-14,97.59
2011-07-15,96.03
2011-07-18,97.37
2011-07-19,96.16
2011-07-20,98.11
2011-07-21,98.36
2011-07-22,99.20
2011-07-25,99.76
2011-07-26,99.15
2011-07-27,99.18
2011-07-28,97.27
2011-07-29,97.16
2011-08-01,96.20
2011-08-02,95.02
2011-08-03,93.15
2011-08-04,91.94
2011-08-05,86.50
2011-08-08,85.71
2011-08-09,81.10
2011-08-10,81.90
2011-08-11,81.95
2011-08-12,85.55
2011-08-15,85.59
2011-08-16,87.68
2011-08-17,87.10
2011-08-18,87.41
2011-08-19,81.30
2011-08-22,82.42
2011-08-23,84.45
2011-08-24,85.67
2011-08-25,85.17
2011-08-26,85.09
2011-08-29,85.33
2011-08-30,87.51
2011-08-31,88.79
2011-09-01,88.73
2011-09-02,88.78
2011-09-06,86.46
2011-09-07,86.50
2011-09-08,90.11
2011-09-09,88.77
2011-09-12,86.70
2011-09-13,88.95
2011-09-14,89.88
2011-09-15,88.60
2011-09-16,89.11
2011-09-19,87.75
2011-09-20,85.84
2011-09-21,86.51
2011-09-22,84.81
2011-09-23,80.40
2011-09-26,79.64
2011-09-27,81.48
2011-09-28,83.76
2011-09-29,80.67
2011-09-30,83.07
2011-10-03,78.92
2011-10-04,76.40
2011-10-05,78.25
2011-10-06,79.71
2011-10-07,82.57
2011-10-10,82.75
2011-10-11,85.70
2011-10-12,85.20
2011-10-13,84.93
2011-10-14,84.47
2011-10-17,87.48
2011-10-18,86.20
2011-10-19,88.26
2011-10-20,86.10
2011-10-21,86.50
2011-10-24,87.05
2011-10-25,91.69
2011-10-26,92.59
2011-10-27,90.98
2011-10-28,93.93
2011-10-31,93.53
2011-11-01,92.58
2011-11-02,91.60
2011-11-03,92.99
2011-11-04,94.24
2011-11-07,94.40
2011-11-08,95.87
2011-11-09,96.81
2011-11-10,95.75
2011-11-11,97.51
2011-11-14,99.30
2011-11-15,98.04
2011-11-16,99.32
2011-11-17,101.76
2011-11-18,98.61
2011-11-21,97.54
2011-11-22,97.20
2011-11-23,97.79
2011-11-25,95.79
2011-11-28,97.50
2011-11-29,97.75
2011-11-30,99.48
2011-12-01,100.51
2011-12-02,100.00
2011-12-05,101.23
2011-12-06,100.45
2011-12-07,101.11
2011-12-08,100.84
2011-12-09,98.08
2011-12-12,99.58
2011-12-13,97.85
2011-12-14,100.33
2011-12-15,94.89
2011-12-16,93.42
2011-12-19,93.76
2011-12-20,94.14
2011-12-21,97.53
2011-12-22,99.03
2011-12-23,99.48
2011-12-27,99.92
2011-12-28,101.25
2011-12-29,99.59
2011-12-30,99.78
2012-01-03,99.70
2012-01-04,102.99
2012-01-05,103.29
2012-01-06,101.35
2012-01-09,101.92
2012-01-10,101.30
2012-01-11,102.20
2012-01-12,101.00
2012-01-13,99.20
2012-01-17,98.95
2012-01-18,100.91
2012-01-19,101.14
2012-01-20,100.39
2012-01-23,98.34
2012-01-24,99.88
2012-01-25,99.20
2012-01-26,99.96
2012-01-27,99.93
2012-01-30,100.00
2012-01-31,98.88
2012-02-01,98.38
2012-02-02,97.11
2012-02-03,96.61
2012-02-06,97.74
2012-02-07,97.13
2012-02-08,98.77
2012-02-09,99.10
2012-02-10,99.89
2012-02-13,99.33
2012-02-14,100.73
2012-02-15,100.90
2012-02-16,101.90
2012-02-17,102.35
2012-02-21,104.65
2012-02-22,106.01
2012-02-23,105.95
2012-02-24,108.66
2012-02-27,109.67
2012-02-28,107.95
2012-02-29,106.46
2012-03-01,106.82
2012-03-02,108.75
2012-03-05,106.75
2012-03-06,107.11
2012-03-07,104.93
2012-03-08,106.24
2012-03-09,106.91
2012-03-12,107.50
2012-03-13,106.55
2012-03-14,106.69
2012-03-15,105.50
2012-03-16,105.44
2012-03-19,107.18
2012-03-20,107.82
2012-03-21,106.33
2012-03-22,106.81
2012-03-23,105.52
2012-03-26,106.79
2012-03-27,107.09
2012-03-28,106.81
2012-03-29,105.58
2012-03-30,103.29
2012-04-02,103.27
2012-04-03,105.04
2012-04-04,104.09
2012-04-05,101.96
2012-04-09,102.53
2012-04-10,102.33
2012-04-11,100.94
2012-04-12,102.55
2012-04-13,103.66
2012-04-16,102.80
2012-04-17,103.15
2012-04-18,104.22
2012-04-19,102.73
2012-04-20,102.57
2012-04-23,103.82
2012-04-24,103.11
2012-04-25,103.76
2012-04-26,103.96
2012-04-27,104.10
2012-04-30,104.93
2012-05-01,104.89
2012-05-02,105.98
2012-05-03,105.39
2012-05-04,102.59
2012-05-07,98.05
2012-05-08,97.96
2012-05-09,97.38
2012-05-10,96.45
2012-05-11,96.53
2012-05-14,95.79
2012-05-15,93.91
2012-05-16,93.16
2012-05-17,92.77
2012-05-18,92.86
2012-05-21,91.27
2012-05-22,92.64
2012-05-23,91.54
2012-05-24,90.53
2012-05-25,90.79
2012-05-29,91.00
2012-05-30,90.86
2012-05-31,87.55
2012-06-01,86.44
2012-06-04,82.96
2012-06-05,84.14
2012-06-06,84.12
2012-06-07,85.50
2012-06-08,83.63
2012-06-11,85.72
2012-06-12,81.18
2012-06-13,83.51
2012-06-14,82.44
2012-06-15,84.33
2012-06-18,85.09
2012-06-19,83.06
2012-06-20,84.04
2012-06-21,81.08
2012-06-22,78.11
2012-06-25,80.20
2012-06-26,79.23
2012-06-27,79.47
2012-06-28,80.48
2012-06-29,78.46
2012-07-02,84.65
2012-07-03,83.67
2012-07-05,87.75
2012-07-06,86.73
2012-07-09,84.20
2012-07-10,85.84
2012-07-11,84.01
2012-07-12,86.20
2012-07-13,85.86
2012-07-16,87.13
2012-07-17,88.26
2012-07-18,89.13
2012-07-19,90.08
2012-07-20,92.22
2012-07-23,91.61
2012-07-24,88.05
2012-07-25,88.20
2012-07-26,89.10
2012-07-27,89.43
2012-07-30,90.14
2012-07-31,89.67
2012-08-01,88.03
2012-08-02,88.87
2012-08-03,87.26
2012-08-06,91.34
2012-08-07,92.05
2012-08-08,93.41
2012-08-09,93.43
2012-08-10,93.46
2012-08-13,93.25
2012-08-14,92.71
2012-08-15,93.25
2012-08-16,94.21
2012-08-17,95.23
2012-08-20,96.36
2012-08-21,95.97
2012-08-22,96.94
2012-08-23,97.30
2012-08-24,96.06
2012-08-27,96.67
2012-08-28,95.66
2012-08-29,96.08
2012-08-30,95.30
2012-08-31,94.75
2012-09-04,96.38
2012-09-05,95.61
2012-09-06,96.00
2012-09-07,94.70
2012-09-10,96.24
2012-09-11,96.29
2012-09-12,96.85
2012-09-13,96.93
2012-09-14,98.04
2012-09-17,99.15
2012-09-18,96.71
2012-09-19,95.49
2012-09-20,91.77
2012-09-21,92.93
2012-09-24,93.18
2012-09-25,92.11
2012-09-26,90.82
2012-09-27,90.08
2012-09-28,92.35
2012-10-01,92.15
2012-10-02,92.41
2012-10-03,91.64
2012-10-04,88.01
2012-10-05,91.51
2012-10-08,89.85
2012-10-09,89.62
2012-10-10,92.26
2012-10-11,91.27
2012-10-12,92.41
2012-10-15,91.63
2012-10-16,91.76
2012-10-17,92.08
2012-10-18,92.06
2012-10-19,92.04
2012-10-22,89.52
2012-10-23,89.14
2012-10-24,86.60
2012-10-25,85.65
2012-10-26,86.00
2012-10-29,86.43
2012-10-30,85.31
2012-10-31,85.73
2012-11-01,86.10
2012-11-02,86.91
2012-11-05,84.65
2012-11-06,85.67
2012-11-07,88.42
2012-11-08,84.52
2012-11-09,85.00
2012-11-12,86.19
2012-11-13,85.59
2012-11-14,85.37
2012-11-15,86.36
2012-11-16,85.28
2012-11-19,87.30
2012-11-20,89.15
2012-11-21,87.28
2012-11-23,87.68
2012-11-26,88.21
2012-11-27,87.82
2012-11-28,87.33
2012-11-29,86.57
2012-11-30,87.66
2012-12-03,88.85
2012-12-04,88.93
2012-12-05,88.50
2012-12-06,87.87
2012-12-07,86.39
2012-12-10,85.98
2012-12-11,85.70
2012-12-12,85.69
2012-12-13,86.77
2012-12-14,86.13
2012-12-17,86.88
2012-12-18,87.45
2012-12-19,87.94
2012-12-20,89.69
2012-12-21,90.02
2012-12-24,88.60
2012-12-26,88.62
2012-12-27,91.00
2012-12-28,91.15
2012-12-31,90.41
2013-01-02,91.78
2013-01-03,92.91
2013-01-04,92.86
2013-01-07,93.21
2013-01-08,93.32
2013-01-09,93.15
2013-01-10,93.19
2013-01-11,93.87
2013-01-14,93.74
2013-01-15,94.20
2013-01-16,93.40
2013-01-17,94.19
2013-01-18,95.19
2013-01-22,95.25
2013-01-23,96.76
2013-01-24,95.50
2013-01-25,95.95
2013-01-28,96.04
2013-01-29,96.46
2013-01-30,97.32
2013-01-31,97.96
2013-02-01,97.42
2013-02-04,97.72
2013-02-05,96.13
2013-02-06,96.64
2013-02-07,96.86
2013-02-08,95.92
2013-02-11,95.79
2013-02-12,96.96
2013-02-13,97.59
2013-02-14,97.17
2013-02-15,97.34
2013-02-19,95.97
2013-02-20,96.66
2013-02-21,94.72
2013-02-22,92.96
2013-02-25,93.23
2013-02-26,91.92
2013-02-27,92.72
2013-02-28,92.89
2013-03-01,91.76
2013-03-04,90.71
2013-03-05,90.23
2013-03-06,90.83
2013-03-07,90.42
2013-03-08,91.42
2013-03-11,91.83
2013-03-12,91.94
2013-03-13,92.62
2013-03-14,92.51
2013-03-15,93.15
2013-03-18,93.26
2013-03-19,93.80
2013-03-20,92.09
2013-03-21,93.40
2013-03-22,92.33
2013-03-25,93.72
2013-03-26,94.75
2013-03-27,96.18
2013-03-28,96.68
2013-04-01,97.36
2013-04-02,97.00
2013-04-03,96.93
2013-04-04,94.50
2013-04-05,93.36
2013-04-08,93.02
2013-04-09,93.49
2013-04-10,93.96
2013-04-11,94.56
2013-04-12,93.49
2013-04-15,90.95
2013-04-16,87.42
2013-04-17,88.80
2013-04-18,86.39
2013-04-19,88.37
2013-04-22,87.96
2013-04-23,89.28
2013-04-24,89.60
2013-04-25,91.58
2013-04-26,93.24
2013-04-29,92.70
2013-04-30,94.42
2013-05-01,93.08
2013-05-02,91.00
2013-05-03,93.99
2013-05-06,95.58
2013-05-07,95.79
2013-05-08,95.56
2013-05-09,96.60
2013-05-10,96.16
2013-05-13,95.76
2013-05-14,94.93
2013-05-15,94.13
2013-05-16,94.34
2013-05-17,95.15
2013-05-20,95.93
2013-05-21,96.70
2013-05-22,95.90
2013-05-23,94.18
2013-05-24,94.37
2013-05-27,93.54
2013-05-28,93.89
2013-05-29,95.05
2013-05-30,92.89
2013-05-31,93.64
2013-06-03,91.73
2013-06-04,93.35
2013-06-05,93.86
2013-06-06,93.70
2013-06-07,94.72
2013-06-10,96.09
2013-06-11,95.76
2013-06-12,94.89
2013-06-13,95.77
2013-06-14,96.64
2013-06-17,97.85
2013-06-18,97.93
2013-06-19,98.59
2013-06-20,98.02
2013-06-21,94.96
2013-06-24,93.85
2013-06-25,95.02
2013-06-26,95.17
2013-06-27,95.52
2013-06-28,96.81
2013-07-01,96.58
2013-07-02,98.06
2013-07-03,99.61
2013-07-04,101.27
2013-07-05,101.09
2013-07-08,103.95
2013-07-09,103.00
2013-07-10,104.57
2013-07-11,106.15
2013-07-12,104.58
2013-07-15,106.05
2013-07-16,106.44
2013-07-17,105.78
2013-07-18,106.56
2013-07-19,108.12
2013-07-22,108.34
2013-07-23,107.00
2013-07-24,107.36
2013-07-25,105.37
2013-07-26,105.56
2013-07-29,104.61
2013-07-30,104.52
2013-07-31,103.15
2013-08-01,105.26
2013-08-02,107.80
2013-08-05,106.84
2013-08-06,106.48
2013-08-07,105.68
2013-08-08,104.18
2013-08-09,103.87
2013-08-12,105.84
2013-08-13,106.15
2013-08-14,106.54
2013-08-15,106.98
2013-08-16,107.18
2013-08-19,107.78
2013-08-20,106.93
2013-08-21,105.18
2013-08-22,103.86
2013-08-23,105.22
2013-08-26,106.91
2013-08-27,106.14
2013-08-28,109.22
2013-08-29,109.53
2013-08-30,108.17
2013-09-02,105.91
2013-09-03,107.07
2013-09-04,108.44
2013-09-05,107.59
2013-09-06,108.52
2013-09-09,110.28
2013-09-10,108.92
2013-09-11,107.36
2013-09-12,107.77
2013-09-13,108.64
2013-09-16,107.50
2013-09-17,106.22
2013-09-18,105.53
2013-09-19,108.22
2013-09-20,106.37
2013-09-23,104.89
2013-09-24,103.44
2013-09-25,103.41
2013-09-26,102.30
2013-09-27,102.91
2013-09-30,102.46
2013-10-01,102.31
2013-10-02,101.62
2013-10-03,103.82
2013-10-04,102.92
2013-10-07,103.45
2013-10-08,103.16
2013-10-09,103.49
2013-10-10,101.46
2013-10-11,102.94
2013-10-14,101.37
2013-10-15,102.19
2013-10-16,100.88
2013-10-17,102.13
2013-10-18,100.72
2013-10-21,100.63
2013-10-22,99.06
2013-10-23,98.12
2013-10-24,97.10
2013-10-25,97.19
2013-10-28,97.88
2013-10-29,98.54
2013-10-30,97.77
2013-10-31,96.62
2013-11-01,96.32
2013-11-04,94.52
2013-11-05,94.47
2013-11-06,93.74
2013-11-07,94.91
2013-11-08,94.36
2013-11-11,94.45
2013-11-12,95.00
2013-11-13,93.07
2013-11-14,93.50
2013-11-15,93.89
2013-11-18,93.78
2013-11-19,93.00
2013-11-20,93.33
2013-11-21,93.73
2013-11-22,95.29
2013-11-25,94.15
2013-11-26,94.21
2013-11-27,93.50
2013-11-28,92.19
2013-11-29,92.33
2013-12-02,92.71
2013-12-03,93.86
2013-12-04,96.90
2013-12-05,97.33
2013-12-06,97.38
2013-12-09,97.66
2013-12-10,97.25
2013-12-11,98.65
2013-12-12,97.55
2013-12-13,97.58
2013-12-16,96.55
2013-12-17,97.30
2013-12-18,97.30
2013-12-19,97.69
2013-12-20,98.70
2013-12-23,99.20
2013-12-24,98.62
2013-12-26,99.20
2013-12-27,99.63
2013-12-30,100.15
2013-12-31,99.25
2014-01-01,98.61
2014-01-02,98.50
2014-01-03,95.47
2014-01-06,94.18
2014-01-07,93.60
2014-01-08,93.96
2014-01-09,92.58
2014-01-10,92.30
2014-01-13,92.83
2014-01-14,91.51
2014-01-15,92.65
2014-01-16,94.29
2014-01-17,94.17
2014-01-20,94.31
2014-01-21,94.00
2014-01-22,95.20
2014-01-23,96.69
2014-01-24,97.37
2014-01-27,96.90
2014-01-28,95.66
2014-01-29,97.17
2014-01-30,97.42
2014-01-31,97.97
2014-02-03,97.40
2014-02-04,96.53
2014-02-05,97.67
2014-02-06,97.25
2014-02-07,97.97
2014-02-10,100.05
2014-02-11,99.97
2014-02-12,100.46
2014-02-13,100.27
2014-02-14,100.34
2014-02-17,100.59
2014-02-18,100.32
2014-02-19,103.14
2014-02-20,103.41
2014-02-21,102.87
2014-02-24,102.29
2014-02-25,102.80
2014-02-26,102.04
2014-02-27,102.57
2014-02-28,102.15
2014-03-03,103.00
2014-03-04,104.89
2014-03-05,103.35
2014-03-06,101.04
2014-03-07,101.97
2014-03-10,102.75
2014-03-11,100.94
2014-03-12,99.48
2014-03-13,98.10
2014-03-14,98.25
2014-03-17,99.39
2014-03-18,97.97
2014-03-19,99.53
2014-03-20,100.39
2014-03-21,98.59
2014-03-24,99.49
2014-03-25,99.43
2014-03-26,99.18
2014-03-27,100.30
2014-03-28,101.34
2014-03-31,101.69
2014-04-01,101.53
2014-04-02,99.64
2014-04-03,99.29
2014-04-04,100.38
2014-04-07,100.91
2014-04-08,100.69
2014-04-09,102.35
2014-04-10,103.44
2014-04-11,103.34
2014-04-14,103.56
2014-04-15,103.60
2014-04-16,103.76
2014-04-17,103.84
2014-04-21,104.54
2014-04-22,104.36
2014-04-23,101.86
2014-04-24,101.54
2014-04-25,101.93
2014-04-28,100.49
2014-04-29,100.89
2014-04-30,100.76
2014-05-01,99.72
2014-05-02,99.17
2014-05-05,99.96
2014-05-06,99.38
2014-05-07,99.83
2014-05-08,100.82
2014-05-09,100.27
2014-05-12,100.12
2014-05-13,100.63
2014-05-14,101.91
2014-05-15,102.03
2014-05-16,101.56
2014-05-19,102.13
2014-05-20,102.60
2014-05-21,102.96
2014-05-22,103.85
2014-05-23,103.71
2014-05-26,104.20
2014-05-27,104.34
2014-05-28,104.14
2014-05-29,103.06
2014-05-30,103.51
2014-06-02,102.92
2014-06-03,102.44
2014-06-04,102.79
2014-06-05,102.37
2014-06-06,102.44
2014-06-09,102.78
2014-06-10,104.46
2014-06-11,104.30
2014-06-12,104.47
2014-06-13,106.84
2014-06-16,106.88
2014-06-17,106.59
2014-06-18,106.60
2014-06-19,106.11
2014-06-20,106.60
2014-06-23,107.42
2014-06-24,106.02
2014-06-25,106.14
2014-06-26,106.71
2014-06-27,105.64
2014-06-30,105.69
2014-07-01,105.44
2014-07-02,105.21
2014-07-03,104.27
2014-07-04,104.11
2014-07-07,104.06
2014-07-08,103.39
2014-07-09,103.45
2014-07-10,101.95
2014-07-11,102.86
2014-07-14,100.46
2014-07-15,100.93
2014-07-16,100.21
2014-07-17,101.49
2014-07-18,103.72
2014-07-21,102.97
2014-07-22,104.58
2014-07-23,101.96
2014-07-24,103.20
2014-07-25,102.04
2014-07-28,101.87
2014-07-29,101.60
2014-07-30,101.03
2014-07-31,99.47
2014-08-01,97.70
2014-08-04,97.67
2014-08-05,98.41
2014-08-06,97.62
2014-08-07,96.89
2014-08-08,97.64
2014-08-11,97.54
2014-08-12,97.84
2014-08-13,97.20
2014-08-14,97.30
2014-08-15,95.50
2014-08-18,97.10
2014-08-19,96.56
2014-08-20,94.70
2014-08-21,93.49
2014-08-22,93.89
2014-08-25,93.34
2014-08-26,93.36
2014-08-27,93.88
2014-08-28,93.75
2014-08-29,94.56
2014-09-01,95.76
2014-09-02,95.81
2014-09-03,93.28
2014-09-04,95.07
2014-09-05,94.57
2014-09-08,93.49
2014-09-09,93.11
2014-09-10,92.79
2014-09-11,91.71
2014-09-12,93.05
2014-09-15,92.13
2014-09-16,92.81
2014-09-17,94.71
2014-09-18,93.97
2014-09-19,92.97
2014-09-22,92.22
2014-09-23,90.70
2014-09-24,91.72
2014-09-25,92.89
2014-09-26,92.47
2014-09-29,93.35
2014-09-30,94.34
2014-10-01,91.36
2014-10-02,90.74
2014-10-03,91.38
2014-10-06,89.77
2014-10-07,90.45
2014-10-08,88.43
2014-10-09,87.73
2014-10-10,84.39
2014-10-13,85.20
2014-10-14,84.98
2014-10-15,82.32
2014-10-16,81.06
2014-10-17,83.18
2014-10-20,83.13
2014-10-21,82.76
2014-10-22,82.55
2014-10-23,80.42
2014-10-24,81.95
2014-10-27,81.27
2014-10-28,80.64
2014-10-29,81.55
2014-10-30,81.93
2014-10-31,81.04
2014-11-03,80.59
2014-11-04,78.22
2014-11-05,77.36
2014-11-06,78.87
2014-11-07,77.86
2014-11-10,78.50
2014-11-11,77.18
2014-11-12,77.50
2014-11-13,76.95
2014-11-14,74.36
2014-11-17,75.93
2014-11-18,75.49
2014-11-19,74.23
2014-11-20,74.25
2014-11-21,76.29
2014-11-24,76.62
2014-11-25,75.51
2014-11-26,73.87
2014-11-27,73.54
2014-11-28,73.50
2014-12-01,66.00
2014-12-02,69.24
2014-12-03,67.60
2014-12-04,67.40
2014-12-05,66.80
2014-12-08,65.46
2014-12-09,63.01
2014-12-10,63.33
2014-12-11,61.12
2014-12-12,59.17
2014-12-15,57.07
2014-12-16,55.40
2014-12-17,55.50
2014-12-18,55.83
2014-12-19,55.50
2014-12-22,57.75
2014-12-23,55.39
2014-12-24,56.80
2014-12-25,55.87
2014-12-26,55.86
2014-12-29,55.05
2014-12-30,53.72
2014-12-31,53.87
2015-01-01,53.73
2015-01-02,53.76
2015-01-05,52.61
2015-01-06,50.00
2015-01-07,48.00
2015-01-08,48.78
2015-01-09,48.92
2015-01-12,48.19
2015-01-13,45.69
2015-01-14,46.16
2015-01-15,48.60
2015-01-16,46.35
2015-01-18,48.95
2015-01-19,48.84
2015-01-20,48.69
2015-01-21,46.69
2015-01-22,47.35
2015-01-23,46.63
2015-01-26,45.20
2015-01-27,45.13
2015-01-28,45.83
2015-01-29,44.43
2015-01-30,44.63
2015-02-02,47.59
2015-02-03,49.79
2015-02-04,51.67
2015-02-05,48.67
2015-02-06,50.86
2015-02-09,52.01
2015-02-10,52.43
2015-02-11,50.98
2015-02-12,49.42
2015-02-13,51.35
2015-02-15,53.75
2015-02-16,54.04
2015-02-17,52.75
2015-02-18,53.24
2015-02-19,50.55
2015-02-20,51.24
2015-02-23,50.75
2015-02-24,49.42
2015-02-25,49.16
2015-02-26,51.00
2015-02-27,48.97
2015-03-02,49.45
2015-03-03,49.80
2015-03-04,50.61
2015-03-05,51.62
2015-03-06,50.89
2015-03-09,49.60
2015-03-10,50.08
2015-03-11,48.77
2015-03-12,48.44
2015-03-13,46.93
2015-03-16,44.81
2015-03-17,43.84
2015-03-18,42.51
2015-03-19,44.60
2015-03-20,43.99
2015-03-23,46.41
2015-03-24,47.46
2015-03-25,47.72
2015-03-26,49.02
2015-03-27,51.01
2015-03-30,48.57
2015-03-31,48.73
2015-04-01,47.55
2015-04-02,49.59
2015-04-03,49.14
2015-04-06,49.47
2015-04-07,51.95
2015-04-08,53.18
2015-04-09,51.00
2015-04-10,50.73
2015-04-13,51.81
2015-04-14,52.05
2015-04-15,53.55
2015-04-16,55.92
2015-04-17,56.56
2015-04-20,56.16
2015-04-21,56.41
2015-04-22,56.34
2015-04-23,56.28
2015-04-24,57.53
2015-04-27,57.30
2015-04-28,56.65
2015-04-29,56.93
2015-04-30,58.55
2015-05-01,59.79
2015-05-04,59.30
2015-05-05,58.95
2015-05-06,60.72
2015-05-07,60.69
2015-05-08,59.02
2015-05-11,59.43
2015-05-12,59.27
2015-05-13,61.23
2015-05-14,60.10
2015-05-15,59.67
2015-05-18,59.85
2015-05-19,59.54
2015-05-20,58.32
2015-05-21,58.81
2015-05-22,60.66
2015-05-24,60.01
2015-05-25,59.93
2015-05-26,60.05
2015-05-27,58.32
2015-05-28,57.63
2015-05-29,57.97
2015-06-01,60.29
2015-06-02,60.18
2015-06-03,61.02
2015-06-04,59.57
2015-06-05,57.99
2015-06-08,58.96
2015-06-09,58.31
2015-06-10,60.58
2015-06-11,61.14
2015-06-12,60.55
2015-06-15,59.90
2015-06-16,59.60
2015-06-17,60.03
2015-06-18,59.78
2015-06-19,60.50
2015-06-22,59.44
2015-06-23,60.21
2015-06-24,61.14
2015-06-25,60.22
2015-06-26,59.66
2015-06-29,58.84
2015-06-30,58.27
2015-07-01,58.98
2015-07-02,56.87
2015-07-03,56.60
2015-07-06,56.42
2015-07-07,52.75
2015-07-08,52.91
2015-07-09,51.83
2015-07-10,52.48
2015-07-13,52.15
2015-07-14,52.00
2015-07-15,53.40
2015-07-16,51.62
2015-07-17,50.91
2015-07-20,50.76
2015-07-21,49.95
2015-07-22,50.71
2015-07-23,49.23
2015-07-24,48.79
2015-07-27,48.00
2015-07-28,47.02
2015-07-29,47.81
2015-07-30,48.83
2015-07-31,48.47
2015-08-03,46.86
2015-08-04,45.35
2015-08-05,45.96
2015-08-06,45.16
2015-08-07,44.82
2015-08-10,43.58
2015-08-11,44.81
2015-08-12,43.27
2015-08-13,43.34
2015-08-14,42.23
2015-08-17,42.18
2015-08-18,41.88
2015-08-19,42.41
2015-08-20,40.58
2015-08-21,41.03
2015-08-24,40.30
2015-08-25,38.18
2015-08-26,39.69
2015-08-27,38.96
2015-08-28,42.68
2015-08-31,45.00
2015-09-01,48.10
2015-09-02,44.26
2015-09-03,46.11
2015-09-04,46.68
2015-09-06,45.72
2015-09-07,45.72
2015-09-08,45.82
2015-09-09,45.79
2015-09-10,44.16
2015-09-11,45.71
2015-09-14,44.78
2015-09-15,44.11
2015-09-16,45.16
2015-09-17,47.13
2015-09-18,46.89
2015-09-21,44.97
2015-09-22,46.45
2015-09-23,46.54
2015-09-24,44.62
2015-09-25,45.05
2015-09-28,45.38
2015-09-29,44.50
2015-09-30,44.92
2015-10-01,45.38
2015-10-02,45.07
2015-10-05,45.65
2015-10-06,46.20
2015-10-07,49.00
2015-10-08,48.11
2015-10-09,49.69
2015-10-12,49.51
2015-10-13,47.46
2015-10-14,46.69
2015-10-15,46.28
2015-10-16,46.87
2015-10-19,47.27
2015-10-20,46.25
2015-10-21,45.88
2015-10-22,45.27
2015-10-23,45.44
2015-10-26,44.74
2015-10-27,43.78
2015-10-28,43.44
2015-10-29,46.06
2015-10-30,45.74
2015-11-02,46.43
2015-11-03,46.11
2015-11-04,47.74
2015-11-05,46.57
2015-11-06,45.41
2015-11-09,44.52
2015-11-10,44.10
2015-11-11,43.63
2015-11-12,43.05
2015-11-13,41.61
2015-11-16,40.92
2015-11-17,41.96
2015-11-18,41.11
2015-11-19,40.72
2015-11-20,40.54
2015-11-23,41.49
2015-11-24,42.04
2015-11-25,42.69
2015-11-26,43.08
2015-11-27,43.25
2015-11-30,41.77
2015-12-01,41.73
2015-12-02,41.69
2015-12-03,40.15
2015-12-04,41.31
2015-12-07,40.10
2015-12-08,37.68
2015-12-09,37.86
2015-12-10,37.27
2015-12-11,36.63
2015-12-14,35.40
2015-12-15,36.32
2015-12-16,36.79
2015-12-17,35.80
2015-12-18,34.87
2015-12-21,34.58
2015-12-22,35.80
2015-12-23,36.47
2015-12-24,37.86
2015-12-28,38.00
2015-12-29,36.70
2015-12-30,37.36
2015-12-31,36.81
2016-01-04,37.60
2016-01-05,36.90
2016-01-06,36.18
2016-01-07,34.09
2016-01-08,33.30
2016-01-11,32.94
2016-01-12,31.11
2016-01-13,30.54
2016-01-14,30.60
2016-01-15,31.18
2016-01-17,30.68
2016-01-18,29.76
2016-01-19,29.20
2016-01-20,28.33
2016-01-21,28.35
2016-01-22,29.84
2016-01-25,32.05
2016-01-26,29.81
2016-01-27,30.55
2016-01-28,32.19
2016-01-29,33.70
2016-02-01,33.83
2016-02-02,31.37
2016-02-03,29.75
2016-02-04,32.71
2016-02-05,31.64
2016-02-08,30.97
2016-02-09,30.17
2016-02-10,28.36
2016-02-11,27.34
2016-02-12,27.30
2016-02-14,29.06
2016-02-15,29.08
2016-02-16,29.08
2016-02-17,29.14
2016-02-18,31.35
2016-02-19,30.60
2016-02-22,29.72
2016-02-23,33.34
2016-02-24,31.28
2016-02-25,32.19
2016-02-26,33.04
2016-02-29,32.72
2016-03-01,33.90
2016-03-02,33.89
2016-03-03,34.73
2016-03-04,34.66
2016-03-07,36.20
2016-03-08,37.94
2016-03-09,36.36
2016-03-10,38.17
2016-03-11,37.99
2016-03-14,38.17
2016-03-15,37.37
2016-03-16,36.74
2016-03-17,38.59
2016-03-18,40.25
2016-03-21,39.06
2016-03-22,41.59
2016-03-23,41.19
2016-03-24,39.73
2016-03-28,39.55
2016-03-29,39.32
2016-03-30,38.52
2016-03-31,38.30
2016-04-01,38.14
2016-04-04,36.61
2016-04-05,35.50
2016-04-06,36.52
2016-04-07,37.76
2016-04-08,37.52
2016-04-11,39.72
2016-04-12,40.35
2016-04-13,41.63
2016-04-14,41.54
2016-04-15,41.43
2016-04-18,38.75
2016-04-19,40.04
2016-04-20,40.80
2016-04-21,43.97
2016-04-22,43.42
2016-04-25,43.75
2016-04-26,42.96
2016-04-27,44.64
2016-04-28,45.30
2016-04-29,45.90
2016-05-02,45.90
2016-05-03,44.92
2016-05-04,43.85
2016-05-05,44.04
2016-05-06,44.52
2016-05-09,45.00
2016-05-10,43.25
2016-05-11,44.60
2016-05-12,46.00
2016-05-13,46.41
2016-05-16,46.28
2016-05-17,47.90
2016-05-18,48.53
2016-05-19,47.87
2016-05-20,48.20
2016-05-23,48.46
2016-05-24,48.08
2016-05-25,49.09
2016-05-26,49.70
2016-05-27,49.31
2016-05-29,49.54
2016-05-30,49.56
2016-05-31,49.54
2016-06-01,48.82
2016-06-02,48.90
2016-06-03,49.04
2016-06-06,48.88
2016-06-07,49.71
2016-06-08,50.41
2016-06-09,51.45
2016-06-10,50.47
2016-06-13,48.85
2016-06-14,48.52
2016-06-15,47.90
2016-06-16,47.45
2016-06-17,45.99
2016-06-20,48.29
2016-06-21,49.14
2016-06-22,50.22
2016-06-23,49.08
2016-06-24,50.30
2016-06-27,47.81
2016-06-28,46.59
2016-06-29,48.06
2016-06-30,49.55
2016-07-01,48.38
2016-07-03,49.14
2016-07-04,49.01
2016-07-05,49.11
2016-07-06,46.83
2016-07-07,47.88
2016-07-08,45.19
2016-07-11,45.07
2016-07-12,44.58
2016-07-13,46.58
2016-07-14,45.14
2016-07-15,45.52
2016-07-18,46.12
2016-07-19,45.23
2016-07-20,44.59
2016-07-21,45.65
2016-07-22,44.60
2016-07-25,44.20
2016-07-26,43.07
2016-07-27,42.66
2016-07-28,41.93
2016-07-29,41.12
2016-08-01,41.35
2016-08-02,40.08
2016-08-03,39.70
2016-08-04,41.16
2016-08-05,41.84
2016-08-08,41.99
2016-08-09,42.83
2016-08-10,42.74
2016-08-11,41.48
2016-08-12,43.46
2016-08-15,44.74
2016-08-16,45.59
2016-08-17,46.37
2016-08-18,46.90
2016-08-19,48.33
2016-08-22,48.40
2016-08-23,47.39
2016-08-24,47.59
2016-08-25,46.80
2016-08-26,47.37
2016-08-29,47.22
2016-08-30,46.98
2016-08-31,46.24
2016-09-01,44.85
2016-09-02,43.55
2016-09-04,44.15
2016-09-05,44.12
2016-09-06,44.15
2016-09-07,44.85
2016-09-08,46.12
2016-09-09,47.36
2016-09-12,45.57
2016-09-13,46.06
2016-09-14,45.00
2016-09-15,43.70
2016-09-16,43.71
2016-09-19,43.18
2016-09-20,43.13
2016-09-21,44.50
2016-09-22,45.62
2016-09-23,46.07
2016-09-26,44.62
2016-09-27,45.62
2016-09-28,44.96
2016-09-29,47.20
2016-09-30,47.76
2016-10-03,48.04
2016-10-04,48.65
2016-10-05,49.26
2016-10-06,49.65
2016-10-07,50.59
2016-10-10,49.57
2016-10-11,51.10
2016-10-12,50.84
2016-10-13,50.00
2016-10-14,50.58
2016-10-17,50.23
2016-10-18,50.04
2016-10-19,50.77
2016-10-20,51.40
2016-10-21,50.66
2016-10-24,50.85
2016-10-25,50.49
2016-10-26,49.31
2016-10-27,49.22
2016-10-28,49.61
2016-10-31,48.25
2016-11-01,46.77
2016-11-02,46.32
2016-11-03,45.48
2016-11-04,44.63
2016-11-07,44.45
2016-11-08,44.97
2016-11-09,44.82
2016-11-10,45.31
2016-11-11,44.35
2016-11-14,43.20
2016-11-15,43.76
2016-11-16,45.77
2016-11-17,45.37
2016-11-18,44.93
2016-11-21,45.83
2016-11-22,48.37
2016-11-23,47.94
2016-11-24,48.03
2016-11-25,47.97
2016-11-28,45.43
2016-11-29,46.88
2016-11-30,45.24
2016-12-01,49.07
2016-12-02,51.01
2016-12-05,51.46
2016-12-06,50.97
2016-12-07,50.93
2016-12-08,49.88
2016-12-09,50.92
2016-12-12,52.58
2016-12-13,52.51
2016-12-14,52.45
2016-12-15,50.79
2016-12-16,51.10
2016-12-19,52.15
2016-12-20,52.11
2016-12-21,53.56
2016-12-22,52.52
2016-12-23,52.68
2016-12-26,53.33
2016-12-27,53.29
2016-12-28,53.93
2016-12-29,53.66
2016-12-30,53.87
2017-01-02,54.09
2017-01-03,54.20
2017-01-04,52.49
2017-01-05,53.39
2017-01-06,53.73
2017-01-09,53.75
2017-01-10,51.83
2017-01-11,50.81
2017-01-12,52.37
2017-01-13,53.05
2017-01-15,52.53
2017-01-16,52.46
2017-01-17,52.55
2017-01-18,52.52
2017-01-19,51.39
2017-01-20,51.45
2017-01-23,53.33
2017-01-24,52.86
2017-01-25,52.95
2017-01-26,52.96
2017-01-27,53.74
2017-01-30,53.15
2017-01-31,52.60
2017-02-01,52.76
2017-02-02,53.57
2017-02-03,53.68
2017-02-06,53.81
2017-02-07,53.14
2017-02-08,51.64
2017-02-09,52.37
2017-02-10,53.15
2017-02-13,53.80
2017-02-14,52.91
2017-02-15,53.00
2017-02-16,53.01
2017-02-17,53.47
2017-02-19,53.86
2017-02-20,53.78
2017-02-21,53.48
2017-02-22,54.26
2017-02-23,53.91
2017-02-24,54.33
2017-02-27,54.02
2017-02-28,54.04
2017-03-01,53.95
2017-03-02,53.69
2017-03-03,52.58
2017-03-06,53.19
2017-03-07,53.17
2017-03-08,52.79
2017-03-09,50.22
2017-03-10,49.61
2017-03-13,48.45
2017-03-14,48.45
2017-03-15,48.76
2017-03-16,49.01
2017-03-17,48.79
2017-03-20,48.70
2017-03-21,47.93
2017-03-22,48.16
2017-03-23,48.15
2017-03-24,47.67
2017-03-27,48.12
2017-03-28,47.89
2017-03-29,48.47
2017-03-30,49.60
2017-03-31,50.32
2017-04-03,50.69
2017-04-04,50.24
2017-04-05,51.18
2017-04-06,50.80
2017-04-07,51.70
2017-04-10,52.31
2017-04-11,53.13
2017-04-12,53.40
2017-04-13,52.85
2017-04-17,52.97
2017-04-18,52.75
2017-04-19,52.36
2017-04-20,50.63
2017-04-21,50.71
2017-04-24,49.68
2017-04-25,49.22
2017-04-26,49.36
2017-04-27,49.22
2017-04-28,49.27
2017-05-01,49.17
2017-05-02,48.78
2017-05-03,48.12
2017-05-04,47.60
2017-05-05,45.51
2017-05-08,46.35
2017-05-09,46.49
2017-05-10,46.18
2017-05-11,47.39
2017-05-12,47.81
2017-05-15,47.85
2017-05-16,48.82
2017-05-17,48.23
2017-05-18,48.93
2017-05-19,49.28
2017-05-22,50.60
2017-05-23,51.04
2017-05-24,51.44
2017-05-25,51.25
2017-05-26,48.75
2017-05-28,49.93
2017-05-29,49.95
2017-05-30,49.93
2017-05-31,49.65
2017-06-01,48.63
2017-06-02,48.04
2017-06-05,47.71
2017-06-06,47.40
2017-06-07,47.98
2017-06-08,45.85
2017-06-09,45.71
2017-06-12,45.80
2017-06-13,46.01
2017-06-14,45.94
2017-06-15,44.69
2017-06-16,44.25
2017-06-19,44.68
2017-06-20,44.11
2017-06-21,43.38
2017-06-22,42.55
2017-06-23,42.80
2017-06-26,43.16
2017-06-27,43.49
2017-06-28,43.70
2017-06-29,44.89
2017-06-30,44.89
2017-07-03,46.28
2017-07-04,47.06
2017-07-05,47.04
2017-07-06,45.65
2017-07-07,45.35
2017-07-10,44.35
2017-07-11,44.58
2017-07-12,45.74
2017-07-13,45.44
2017-07-14,46.08
2017-07-17,46.68
2017-07-18,45.99
2017-07-19,46.25
2017-07-20,47.09
2017-07-21,46.91
2017-07-24,45.62
2017-07-25,46.46
2017-07-26,48.51
2017-07-27,48.70
2017-07-28,49.17
2017-07-31,49.85
2017-08-01,50.21
2017-08-02,48.80
2017-08-03,49.59
2017-08-04,48.95
2017-08-07,49.59
2017-08-08,49.31
2017-08-09,49.00
2017-08-10,49.68
2017-08-11,48.52
2017-08-14,48.79
2017-08-15,47.49
2017-08-16,47.72
2017-08-17,46.80
2017-08-18,46.93
2017-08-21,48.72
2017-08-22,47.45
2017-08-23,47.64
2017-08-24,48.36
2017-08-25,47.62
2017-08-28,47.89
2017-08-29,46.86
2017-08-30,46.31
2017-08-31,45.95
2017-09-01,47.08
2017-09-03,47.31
2017-09-04,47.31
2017-09-05,47.28
2017-09-06,48.59
2017-09-07,49.14
2017-09-08,49.09
2017-09-11,47.58
2017-09-12,48.12
2017-09-13,48.34
2017-09-14,49.31
2017-09-15,49.72
2017-09-18,49.85
2017-09-19,49.91
2017-09-20,49.84
2017-09-21,50.72
2017-09-22,50.73
2017-09-25,50.68
2017-09-26,52.12
2017-09-27,52.09
2017-09-28,52.05
2017-09-29,51.58
2017-10-02,51.64
2017-10-03,50.59
2017-10-04,50.16
2017-10-05,49.88
2017-10-06,50.75
2017-10-09,49.25
2017-10-10,49.55
2017-10-11,50.94
2017-10-12,51.00
2017-10-13,50.73
2017-10-16,51.43
2017-10-17,51.93
2017-10-18,51.94
2017-10-19,52.05
2017-10-20,51.42
2017-10-23,52.07
2017-10-24,51.89
2017-10-25,52.56
2017-10-26,52.19
2017-10-27,52.80
2017-10-30,54.16
2017-10-31,54.08
2017-11-01,54.65
2017-11-02,54.28
2017-11-03,54.73
2017-11-06,55.97
2017-11-07,57.27
2017-11-08,56.96
2017-11-09,56.85
2017-11-10,57.02
2017-11-13,56.90
2017-11-14,56.72
2017-11-15,55.06
2017-11-16,55.30
2017-11-17,55.25
2017-11-20,56.69
2017-11-21,56.38
2017-11-22,57.12
2017-11-23,57.97
2017-11-24,58.05
2017-11-27,58.95
2017-11-28,57.86
2017-11-29,57.73
2017-11-30,57.41
2017-12-01,57.42
2017-12-04,58.32
2017-12-05,57.48
2017-12-06,57.45
2017-12-07,56.00
2017-12-08,56.65
2017-12-11,57.25
2017-12-12,58.02
2017-12-13,57.45
2017-12-14,56.70
2017-12-15,57.15
2017-12-18,57.37
2017-12-19,57.30
2017-12-20,57.66
2017-12-21,58.02
2017-12-22,58.21
2017-12-25,58.41
2017-12-26,58.40
2017-12-27,59.79
2017-12-28,59.53
2017-12-29,59.91
2018-01-01,60.26
2018-01-02,60.20
2018-01-03,60.39
2018-01-04,61.96
2018-01-05,61.90
2018-01-08,61.61
2018-01-09,61.92
2018-01-10,63.41
2018-01-11,63.50
2018-01-12,63.57
2018-01-14,64.42
2018-01-15,64.28
2018-01-16,64.43
2018-01-17,63.89
2018-01-18,64.07
2018-01-19,63.74
2018-01-22,63.61
2018-01-23,63.88
2018-01-24,64.42
2018-01-25,65.88
2018-01-26,65.25
2018-01-29,66.18
2018-01-30,65.53
2018-01-31,64.03
2018-02-01,64.76
2018-02-02,65.99
2018-02-05,65.10
2018-02-06,63.43
2018-02-07,63.92
2018-02-08,61.70
2018-02-09,60.43
2018-02-12,59.12
2018-02-13,59.35
2018-02-14,58.98
2018-02-15,60.71
2018-02-16,61.45
2018-02-18,61.51
2018-02-19,61.71
2018-02-20,61.63
2018-02-21,61.63
2018-02-22,61.34
2018-02-23,62.60
2018-02-26,63.60
2018-02-27,64.06
2018-02-28,62.79
2018-03-01,61.55
2018-03-02,61.34
2018-03-05,61.55
2018-03-06,62.58
2018-03-07,62.30
2018-03-08,61.33
2018-03-09,60.27
2018-03-12,62.10
2018-03-13,61.37
2018-03-14,60.87
2018-03-15,60.95
2018-03-16,61.19
2018-03-19,62.23
2018-03-20,62.10
2018-03-21,63.72
2018-03-22,65.50
2018-03-23,64.28
2018-03-26,65.90
2018-03-27,65.53
2018-03-28,64.70
2018-03-29,64.69
2018-04-02,64.91
2018-04-03,62.89
2018-04-04,63.59
2018-04-05,63.60
2018-04-06,63.70
2018-04-09,62.00
2018-04-10,63.30
2018-04-11,65.59
2018-04-12,66.75
2018-04-13,67.18
2018-04-16,67.24
2018-04-17,66.42
2018-04-18,66.68
2018-04-19,68.75
2018-04-20,68.26
2018-04-23,68.22
2018-04-24,68.95
2018-04-25,67.75
2018-04-26,68.03
2018-04-27,68.21
2018-04-30,68.15
2018-05-01,68.56
2018-05-02,67.49
2018-05-03,67.68
2018-05-04,68.50
2018-05-07,69.85
2018-05-08,70.03
2018-05-09,70.05
2018-05-10,71.23
2018-05-11,71.45
2018-05-14,70.54
2018-05-15,71.15
2018-05-16,71.02
2018-05-17,71.56
2018-05-18,71.60
2018-05-21,71.47
2018-05-22,72.53
2018-05-23,72.11
2018-05-24,71.83
2018-05-25,70.65
2018-05-27,67.44
2018-05-28,67.39
2018-05-29,67.55
2018-05-30,66.85
2018-05-31,68.24
2018-06-01,67.07
2018-06-04,65.71
2018-06-05,64.94
2018-06-06,65.51
2018-06-07,65.07
2018-06-08,65.98
2018-06-11,65.56
2018-06-12,66.05
2018-06-13,66.01
2018-06-14,66.62
2018-06-15,67.00
2018-06-18,64.40
2018-06-19,65.82
2018-06-20,65.11
2018-06-21,65.34
2018-06-22,65.93
2018-06-25,68.75
2018-06-26,68.21
2018-06-27,70.68
2018-06-28,72.27
2018-06-29,73.33
2018-07-02,73.62
2018-07-03,74.08
2018-07-04,74.62
2018-07-05,74.23
2018-07-06,73.16
2018-07-09,73.87
2018-07-10,74.04
2018-07-11,74.20
2018-07-12,70.60
2018-07-13,70.38
2018-07-16,70.52
2018-07-17,68.03
2018-07-18,67.61
2018-07-19,69.00
2018-07-20,69.39
2018-07-23,68.17
2018-07-24,67.80
2018-07-25,68.77
2018-07-26,69.38
2018-07-27,69.58
2018-07-30,69.01
2018-07-31,70.05
2018-08-01,68.43
2018-08-02,67.86
2018-08-03,68.99
2018-08-06,68.65
2018-08-07,68.90
2018-08-08,69.09
2018-08-09,66.79
2018-08-10,66.74
2018-08-13,67.78
2018-08-14,67.42
2018-08-15,66.62
2018-08-16,64.95
2018-08-17,65.47
2018-08-20,65.91
2018-08-21,66.62
2018-08-22,66.08
2018-08-23,68.07
2018-08-24,67.90
2018-08-27,68.57
2018-08-28,68.93
2018-08-29,68.54
2018-08-30,69.71
2018-08-31,70.06
2018-09-02,69.91
2018-09-03,69.91
2018-09-04,69.89
2018-09-05,69.43
2018-09-06,68.64
2018-09-07,67.88
2018-09-10,67.82
2018-09-11,67.53
2018-09-12,69.89
2018-09-13,70.24
2018-09-14,68.79
2018-09-17,68.93
2018-09-18,68.80
2018-09-19,69.71
2018-09-20,71.39
2018-09-21,70.20
2018-09-24,71.14
2018-09-25,72.25
2018-09-26,72.09
2018-09-27,72.01
2018-09-28,72.18
2018-10-01,73.29
2018-10-02,75.42
2018-10-03,75.12
2018-10-04,76.18
2018-10-05,74.67
2018-10-08,74.40
2018-10-09,74.21
2018-10-10,74.66
2018-10-11,72.68
2018-10-12,70.99
2018-10-15,71.85
2018-10-16,71.72
2018-10-17,72.17
2018-10-18,70.03
2018-10-19,68.68
2018-10-22,69.41
2018-10-23,69.55
2018-10-24,66.17
2018-10-25,66.36
2018-10-26,66.95
2018-10-29,67.55
2018-10-30,66.68
2018-10-31,66.32
2018-11-01,64.88
2018-11-02,63.50
2018-11-05,62.99
2018-11-06,62.70
2018-11-07,61.74
2018-11-08,61.64
2018-11-09,60.75
2018-11-12,60.70
2018-11-13,58.88
2018-11-14,55.27
2018-11-15,56.02
2018-11-16,56.58
2018-11-19,56.72
2018-11-20,57.39
2018-11-21,53.39
2018-11-22,54.64
2018-11-23,54.66
2018-11-26,50.62
2018-11-27,51.54
2018-11-28,52.09
2018-11-29,50.31
2018-11-30,51.27
2018-12-03,52.45
2018-12-04,53.13
2018-12-05,52.59
2018-12-06,52.93
2018-12-07,51.76
2018-12-10,52.03
2018-12-11,50.89
2018-12-12,51.95
2018-12-13,51.20
2018-12-14,52.83
2018-12-17,51.25
2018-12-18,49.16
2018-12-19,45.93
2018-12-20,47.39
2018-12-21,46.25
2018-12-24,45.45
2018-12-25,43.00
2018-12-26,42.85
2018-12-27,46.58
2018-12-28,45.44
2018-12-31,45.22
2019-01-01,45.77
2019-01-02,45.80
2019-01-03,46.26
2019-01-04,46.90
2019-01-07,48.30
2019-01-08,48.73
2019-01-09,49.80
2019-01-10,52.18
2019-01-11,52.28
2019-01-14,51.73
2019-01-15,50.78
2019-01-16,52.00
2019-01-17,52.30
2019-01-18,52.23
2019-01-20,53.97
2019-01-21,53.66
2019-01-22,53.73
2019-01-23,52.95
2019-01-24,52.45
2019-01-25,53.17
2019-01-28,53.56
2019-01-29,52.12
2019-01-30,53.24
2019-01-31,54.28
2019-02-01,54.01
2019-02-04,55.32
2019-02-05,54.86
2019-02-06,53.73
2019-02-07,53.94
2019-02-08,52.59
2019-02-11,52.66
2019-02-12,52.47
2019-02-13,53.35
2019-02-14,53.96
2019-02-15,54.48
2019-02-17,56.17
2019-02-18,56.33
2019-02-19,55.78
2019-02-20,55.94
2019-02-21,57.24
2019-02-22,56.84
2019-02-25,57.17
2019-02-26,55.46
2019-02-27,55.95
2019-02-28,57.00
2019-03-01,57.22
2019-03-04,55.83
2019-03-05,56.45
2019-03-06,56.28
2019-03-07,56.20
2019-03-08,56.43
2019-03-11,56.07
2019-03-12,56.76
2019-03-13,57.09
2019-03-14,58.35
2019-03-15,58.51
2019-03-18,58.45
2019-03-19,59.01
2019-03-20,59.02
2019-03-21,59.99
2019-03-22,59.87
2019-03-25,58.98
2019-03-26,59.12
2019-03-27,60.03
2019-03-28,59.40
2019-03-29,59.53
2019-04-01,60.24
2019-04-02,61.81
2019-04-03,62.64
2019-04-04,62.50
2019-04-05,62.18
2019-04-08,63.33
2019-04-09,64.40
2019-04-10,64.22
2019-04-11,64.48
2019-04-12,63.71
2019-04-15,63.76
2019-04-16,63.49
